"lot_id","plot_id","lot_number","purchased_rights","remaining_rights","status","notes"
"CYA1-L5","CYA1","5","1","3","Unoccupied",
"CYA1-L4","CYA1","4","1","3","Partially Occupied",
"CYA1-L3","CYA1","3","1","3","Partially Occupied",
"CYA1-L2","CYA1","2","1","3","Partially Occupied",
"CYA1-L1","CYA1","1","1","3","Partially Occupied",
"CYA2-L5","CYA2","5","1","3","Unoccupied",
"CYA2-L4","CYA2","4","1","3","Unoccupied",
"CYA2-L3","CYA2","3","1","3","Unoccupied",
"CYA2-L2","CYA2","2","1","3","Partially Occupied",
"CYA2-L1","CYA2","1","1","3","Partially Occupied",
"CYA3-L5","CYA3","5","1","3","Unoccupied",
"CYA3-L4","CYA3","4","1","3","Unoccupied",
"CYA3-L3","CYA3","3","1","3","Partially Occupied",
"CYA3-L2","CYA3","2","1","3","Partially Occupied",
"CYA3-L1","CYA3","1","1","3","Partially Occupied",
"CYA4-L5","CYA4","5","1","3","Unoccupied",
"CYA4-L4","CYA4","4","1","3","Unoccupied",
"CYA4-L3","CYA4","3","1","3","Partially Occupied",
"CYA4-L2","CYA4","2","1","3","Partially Occupied",
"CYA4-L1","CYA4","1","1","3","Partially Occupied",
"CYB1-L5","CYB1","5","1","3","Partially Occupied",
"CYB1-L4","CYB1","4","1","3","Partially Occupied",
"CYB1-L3","CYB1","3","1","3","Partially Occupied",
"CYB1-L2","CYB1","2","1","3","Partially Occupied",
"CYB1-L1","CYB1","1","2","2","Partially Occupied",
"CYB2-L5","CYB2","5","1","3","Partially Occupied",
"CYB2-L4","CYB2","4","1","3","Partially Occupied",
"CYB2-L3","CYB2","3","1","3","Partially Occupied",
"CYB2-L2","CYB2","2","1","3","Unoccupied",
"CYB2-L1","CYB2","1","1","3","Unoccupied",
"CYB3-L5","CYB3","5","1","3","Unoccupied",
"CYB3-L4","CYB3","4","1","3","Unoccupied",
"CYB3-L3","CYB3","3","1","3","Partially Occupied",
"CYB3-L2","CYB3","2","1","3","Partially Occupied",
"CYB3-L1","CYB3","1","1","3","Partially Occupied",
"CYB4-L5","CYB4","5","1","3","Partially Occupied",
"CYB4-L4","CYB4","4","1","3","Partially Occupied",
"CYB4-L3","CYB4","3","1","3","Partially Occupied",
"CYB4-L2","CYB4","2","1","3","Partially Occupied",
"CYB4-L1","CYB4","1","1","3","Partially Occupied",
"CYC1-L5","CYC1","5","1","3","Unoccupied",
"CYC1-L4","CYC1","4","1","3","Unoccupied",
"CYC1-L3","CYC1","3","1","3","Unoccupied",
"CYC1-L2","CYC1","2","1","3","Partially Occupied",
"CYC1-L1","CYC1","1","1","3","Partially Occupied",
"CYC2-L5","CYC2","5","1","3","Unoccupied",
"CYC2-L4","CYC2","4","1","3","Partially Occupied",
"CYC2-L3","CYC2","3","1","3","Partially Occupied",
"CYC2-L2","CYC2","2","1","3","Partially Occupied",
"CYC2-L1","CYC2","1","1","3","Unoccupied",
"CYC3-L5","CYC3","5","1","3","Partially Occupied",
"CYC3-L4","CYC3","4","1","3","Partially Occupied",
"CYC3-L3","CYC3","3","1","3","Unoccupied",
"CYC3-L2","CYC3","2","1","3","Partially Occupied",
"CYC3-L1","CYC3","1","1","3","Partially Occupied",
"CYC4-L5","CYC4","5","1","3","Unoccupied",
"CYC4-L4","CYC4","4","1","3","Unoccupied",
"CYC4-L3","CYC4","3","1","3","Unoccupied",
"CYC4-L2","CYC4","2","1","3","Partially Occupied",
"CYC4-L1","CYC4","1","1","3","Partially Occupied",
"CYD1-L5","CYD1","5","1","3","Unoccupied",
"CYD1-L4","CYD1","4","1","3","Partially Occupied",
"CYD1-L3","CYD1","3","1","3","Partially Occupied",
"CYD1-L2","CYD1","2","1","3","Partially Occupied",
"CYD1-L1","CYD1","1","1","3","Partially Occupied",
"CYD2-L5","CYD2","5","1","3","Unoccupied",
"CYD2-L4","CYD2","4","1","3","Unoccupied",
"CYD2-L3","CYD2","3","1","3","Unoccupied",
"CYD2-L2","CYD2","2","1","3","Partially Occupied",
"CYD2-L1","CYD2","1","1","3","Partially Occupied",
"CYD3-L5","CYD3","5","1","3","Unoccupied",
"CYD3-L4","CYD3","4","1","3","Unoccupied",
"CYD3-L3","CYD3","3","1","3","Unoccupied",
"CYD3-L2","CYD3","2","1","3","Partially Occupied",
"CYD3-L1","CYD3","1","1","3","Partially Occupied",
"CYD4-L5","CYD4","5","1","3","Partially Occupied",
"CYD4-L4","CYD4","4","1","3","Partially Occupied",
"CYD4-L3","CYD4","3","1","3","Partially Occupied",
"CYD4-L2","CYD4","2","1","3","Partially Occupied",
"CYD4-L1","CYD4","1","1","3","Partially Occupied",
"CYE1-L5","CYE1","5","1","3","Unoccupied",
"CYE1-L4","CYE1","4","1","3","Unoccupied",
"CYE1-L3","CYE1","3","1","3","Unoccupied",
"CYE1-L2","CYE1","2","1","3","Partially Occupied",
"CYE1-L1","CYE1","1","1","3","Partially Occupied",
"CYE2-L5","CYE2","5","3","1","Partially Occupied",
"CYE2-L4","CYE2","4","1","3","Unoccupied",
"CYE2-L3","CYE2","3","1","3","Partially Occupied",
"CYE2-L2","CYE2","2","1","3","Partially Occupied",
"CYE2-L1","CYE2","1","2","2","Partially Occupied",
"CYE3-L5","CYE3","5","1","3","Unoccupied",
"CYE3-L4","CYE3","4","1","3","Partially Occupied",
"CYE3-L3","CYE3","3","2","2","Partially Occupied",
"CYE3-L2","CYE3","2","1","3","Partially Occupied",
"CYE3-L1","CYE3","1","1","3","Partially Occupied",
"CYE4-L5","CYE4","5","1","3","Unoccupied",
"CYE4-L4","CYE4","4","1","3","Partially Occupied",
"CYE4-L3","CYE4","3","1","3","Partially Occupied",
"CYE4-L2","CYE4","2","1","3","Partially Occupied",
"CYE4-L1","CYE4","1","1","3","Partially Occupied",
"CYF1-L5","CYF1","5","1","3","Unoccupied",
"CYF1-L4","CYF1","4","1","3","Unoccupied",
"CYF1-L3","CYF1","3","1","3","Partially Occupied",
"CYF1-L2","CYF1","2","1","3","Partially Occupied",
"CYF1-L1","CYF1","1","1","3","Partially Occupied",
"CYF2-L5","CYF2","5","1","3","Unoccupied",
"CYF2-L4","CYF2","4","1","3","Unoccupied",
"CYF2-L3","CYF2","3","1","3","Unoccupied",
"CYF2-L2","CYF2","2","1","3","Partially Occupied",
"CYF2-L1","CYF2","1","1","3","Unoccupied",
"CYF3-L5","CYF3","5","2","2","Partially Occupied",
"CYF3-L4","CYF3","4","1","3","Partially Occupied",
"CYF3-L3","CYF3","3","1","3","Partially Occupied",
"CYF3-L2","CYF3","2","1","3","Unoccupied",
"CYF3-L1","CYF3","1","1","3","Unoccupied",
"CYF4-L5","CYF4","5","1","3","Unoccupied",
"CYF4-L4","CYF4","4","1","3","Unoccupied",
"CYF4-L3","CYF4","3","1","3","Partially Occupied",
"CYF4-L2","CYF4","2","1","3","Partially Occupied",
"CYF4-L1","CYF4","1","1","3","Partially Occupied",
"ITA1-L5","ITA1","5","0","4","Available","Unpurchased"
"ITA1-L4","ITA1","4","2","2","Partially Occupied",
"ITA1-L3","ITA1","3","1","3","Unoccupied",
"ITA1-L2","ITA1","2","1","3","Unoccupied",
"ITA1-L1","ITA1","1","0","4","Available","Unpurchased"
"ITA10-L5","ITA10","5","2","2","Unoccupied",
"ITA10-L4","ITA10","4","2","2","Unoccupied",
"ITA10-L3","ITA10","3","2","2","Unoccupied",
"ITA10-L2","ITA10","2","2","2","Unoccupied",
"ITA10-L1","ITA10","1","2","2","Unoccupied",
"ITA11-L5","ITA11","5","1","3","Unoccupied",
"ITA11-L4","ITA11","4","1","3","Partially Occupied",
"ITA11-L3","ITA11","3","0","4","Unoccupied","Lot 3 Burial Right used for Lot 2"
"ITA11-L2","ITA11","2","2","2","Partially Occupied",
"ITA11-L1","ITA11","1","1","3","Partially Occupied",
"ITA12-L5","ITA12","5","1","3","Unoccupied",
"ITA12-L4","ITA12","4","1","3","Unoccupied",
"ITA12-L3","ITA12","3","1","3","Unoccupied",
"ITA12-L2","ITA12","2","1","3","Unoccupied",
"ITA12-L1","ITA12","1","1","3","Unoccupied",
"ITA13-L5","ITA13","5","1","3","Unoccupied",
"ITA13-L4","ITA13","4","1","3","Unoccupied",
"ITA13-L3","ITA13","3","1","3","Unoccupied",
"ITA13-L2","ITA13","2","1","3","Unoccupied",
"ITA13-L1","ITA13","1","1","3","Unoccupied",
"ITA14-L5","ITA14","5","1","3","Unoccupied",
"ITA14-L4","ITA14","4","1","3","Partially Occupied",
"ITA14-L3","ITA14","3","1","3","Unoccupied",
"ITA14-L2","ITA14","2","1","3","Unoccupied",
"ITA14-L1","ITA14","1","1","3","Unoccupied",
"ITA15-L5","ITA15","5","1","3","Unoccupied",
"ITA15-L4","ITA15","4","1","3","Unoccupied",
"ITA15-L3","ITA15","3","1","3","Unoccupied",
"ITA15-L2","ITA15","2","1","3","Unoccupied",
"ITA15-L1","ITA15","1","1","3","Unoccupied",
"ITA16-L5","ITA16","5","1","3","Unoccupied",
"ITA16-L4","ITA16","4","1","3","Unoccupied",
"ITA16-L3","ITA16","3","1","3","Unoccupied",
"ITA16-L2","ITA16","2","1","3","Unoccupied",
"ITA16-L1","ITA16","1","1","3","Unoccupied",
"ITA17-L5","ITA17","5","1","3","Partially Occupied",
"ITA17-L4","ITA17","4","1","3","Partially Occupied",
"ITA17-L3","ITA17","3","1","3","Partially Occupied",
"ITA17-L2","ITA17","2","1","3","Unoccupied",
"ITA17-L1","ITA17","1","1","3","Unoccupied",
"ITA18-L5","ITA18","5","1","3","Unoccupied",
"ITA18-L4","ITA18","4","1","3","Partially Occupied",
"ITA18-L3","ITA18","3","1","3","Unoccupied",
"ITA18-L2","ITA18","2","1","3","Partially Occupied",
"ITA18-L1","ITA18","1","1","3","Partially Occupied",
"ITA19-L5","ITA19","5","1","3","Unoccupied",
"ITA19-L4","ITA19","4","1","3","Unoccupied",
"ITA19-L3","ITA19","3","1","3","Unoccupied",
"ITA19-L2","ITA19","2","1","3","Partially Occupied",
"ITA19-L1","ITA19","1","1","3","Partially Occupied",
"ITA2-L5","ITA2","5","2","2","Partially Occupied",
"ITA2-L4","ITA2","4","1","3","Partially Occupied",
"ITA2-L3","ITA2","3","1","3","Partially Occupied",
"ITA2-L2","ITA2","2","2","2","Partially Occupied",
"ITA2-L1","ITA2","1","0","4","Available","Unpurchased"
"ITA20-L5","ITA20","5","1","3","Unoccupied",
"ITA20-L4","ITA20","4","1","3","Partially Occupied",
"ITA20-L3","ITA20","3","1","3","Partially Occupied",
"ITA20-L2","ITA20","2","1","3","Unoccupied",
"ITA20-L1","ITA20","1","1","3","Unoccupied",
"ITA21-L5","ITA21","5","1","3","Partially Occupied",
"ITA21-L4","ITA21","4","1","3","Partially Occupied",
"ITA21-L3","ITA21","3","1","3","Partially Occupied",
"ITA21-L2","ITA21","2","1","3","Unoccupied",
"ITA21-L1","ITA21","1","1","3","Unoccupied",
"ITA22-L5","ITA22","5","1","3","Unoccupied",
"ITA22-L4","ITA22","4","1","3","Unoccupied",
"ITA22-L3","ITA22","3","1","3","Unoccupied",
"ITA22-L2","ITA22","2","1","3","Partially Occupied",
"ITA22-L1","ITA22","1","1","3","Partially Occupied",
"ITA23-L5","ITA23","5","1","3","Partially Occupied",
"ITA23-L4","ITA23","4","1","3","Partially Occupied",
"ITA23-L3","ITA23","3","1","3","Partially Occupied",
"ITA23-L2","ITA23","2","1","3","Partially Occupied",
"ITA23-L1","ITA23","1","1","3","Unoccupied",
"ITA24-L5","ITA24","5","0","4","Available","Unpurchased"
"ITA24-L4","ITA24","4","1","3","Partially Occupied",
"ITA24-L3","ITA24","3","1","3","Partially Occupied",
"ITA24-L2","ITA24","2","1","3","Partially Occupied",
"ITA24-L1","ITA24","1","1","3","Partially Occupied",
"ITA3-L1","ITA3","1","1","3","Partially Occupied",
"ITA4-L5","ITA4","5","1","3","Partially Occupied",
"ITA4-L4","ITA4","4","2","2","Unoccupied",
"ITA4-L3","ITA4","3","4","0","Unoccupied",
"ITA4-L2","ITA4","2","4","0","Unoccupied",
"ITA4-L1","ITA4","1","0","4","Available","Unpurchased"
"ITA5-L4","ITA5","4","1","3","Unoccupied",
"ITA5-L3","ITA5","3","1","3","Unoccupied",
"ITA5-L2","ITA5","2","1","3","Partially Occupied",
"ITA5-L1","ITA5","1","1","3","Unoccupied",
"ITA6-L5","ITA6","5","1","3","Partially Occupied",
"ITA6-L4","ITA6","4","1","3","Unoccupied",
"ITA6-L3","ITA6","3","1","3","Unoccupied",
"ITA6-L2","ITA6","2","1","3","Partially Occupied",
"ITA6-L1","ITA6","1","1","3","Partially Occupied",
"ITA7-L5","ITA7","5","0","4","Available","Unpurchased"
"ITA7-L4","ITA7","4","0","4","Available","Unpurchased"
"ITA7-L3","ITA7","3","0","4","Available","Unpurchased"
"ITA7-L2","ITA7","2","0","4","Available","Unpurchased"
"ITA7-L1","ITA7","1","0","4","Available","Unpurchased"
"ITA8-L5","ITA8","5","4","0","Unoccupied",
"ITA8-L4","ITA8","4","2","2","Partially Occupied",
"ITA8-L3","ITA8","3","1","3","Partially Occupied",
"ITA8-L2","ITA8","2","1","3","Partially Occupied",
"ITA8-L1","ITA8","1","1","3","Unoccupied",
"ITA9-L5","ITA9","5","1","3","Partially Occupied",
"ITA9-L4","ITA9","4","1","3","Unoccupied",
"ITA9-L3","ITA9","3","1","3","Unoccupied",
"ITA9-L2","ITA9","2","1","3","Unoccupied",
"ITA9-L1","ITA9","1","1","3","Partially Occupied",
"ITB1-L5","ITB1","5","1","3","Unoccupied",
"ITB1-L4","ITB1","4","2","2","Unoccupied",
"ITB1-L3","ITB1","3","1","3","Partially Occupied",
"ITB1-L2","ITB1","2","1","3","Partially Occupied",
"ITB1-L1","ITB1","1","1","0","Fully Occupied",
"ITB10-L4","ITB10","4","1","3","Unoccupied",
"ITB10-L3","ITB10","3","1","3","Unoccupied",
"ITB10-L2","ITB10","2","1","3","Unoccupied",
"ITB10-L1","ITB10","1","1","3","Partially Occupied",
"ITB11-L5","ITB11","5","1","3","Partially Occupied",
"ITB11-L4","ITB11","4","1","3","Unoccupied",
"ITB11-L3","ITB11","3","1","3","Unoccupied",
"ITB11-L2","ITB11","2","1","3","Unoccupied",
"ITB11-L1","ITB11","1","1","3","Unoccupied",
"ITB12-L4","ITB12","4","1","3","Unoccupied",
"ITB12-L3","ITB12","3","1","3","Unoccupied",
"ITB12-L2","ITB12","2","1","3","Partially Occupied",
"ITB12-L1","ITB12","1","1","3","Partially Occupied",
"ITB13-L5","ITB13","5","4","0","Fully Occupied",
"ITB13-L4","ITB13","4","4","0","Unoccupied",
"ITB13-L3","ITB13","3","4","0","Unoccupied",
"ITB13-L2","ITB13","2","4","0","Unoccupied",
"ITB13-L1","ITB13","1","4","0","Fully Occupied",
"ITB14-L4","ITB14","4","0","4","Available","Unpurchased"
"ITB14-L3","ITB14","3","0","4","Available","Unpurchased"
"ITB14-L2","ITB14","2","1","3","Partially Occupied",
"ITB14-L1","ITB14","1","4","0","Fully Occupied",
"ITB15-L4","ITB15","4","1","3","Unoccupied",
"ITB15-L3","ITB15","3","1","3","Partially Occupied",
"ITB15-L2","ITB15","2","1","3","Partially Occupied",
"ITB15-L1","ITB15","1","1","3","Partially Occupied",
"ITB16-L5","ITB16","5","1","3","Unoccupied",
"ITB16-L4","ITB16","4","1","3","Unoccupied",
"ITB16-L3","ITB16","3","1","3","Unoccupied",
"ITB16-L2","ITB16","2","1","3","Partially Occupied",
"ITB16-L1","ITB16","1","1","3","Unoccupied",
"ITB17-L5","ITB17","5","1","3","Partially Occupied",
"ITB17-L4","ITB17","4","1","3","Unoccupied",
"ITB17-L3","ITB17","3","1","3","Unoccupied",
"ITB17-L2","ITB17","2","1","3","Unoccupied",
"ITB17-L1","ITB17","1","1","3","Unoccupied",
"ITB18-L5","ITB18","5","0","4","Available","Unpurchased"
"ITB18-L4","ITB18","4","0","4","Available","Unpurchased"
"ITB18-L3","ITB18","3","1","3","Unoccupied",
"ITB18-L2","ITB18","2","1","3","Unoccupied",
"ITB18-L1","ITB18","1","4","0","Fully Occupied",
"ITB19-L4","ITB19","4","0","4","Available","Unpurchased"
"ITB19-L3","ITB19","3","0","4","Available","Unpurchased"
"ITB19-L2","ITB19","2","0","4","Available","Unpurchased"
"ITB19-L1","ITB19","1","0","4","Available","Unpurchased"
"ITB2-L5","ITB2","5","1","3","Partially Occupied",
"ITB2-L4","ITB2","4","1","3","Partially Occupied",
"ITB2-L3","ITB2","3","0","4","Available","Unpurchased"
"ITB2-L2","ITB2","2","1","3","Partially Occupied",
"ITB2-L1","ITB2","1","1","3","Partially Occupied",
"ITB20-L5","ITB20","5","2","2","Unoccupied",
"ITB20-L4","ITB20","4","1","3","Unoccupied",
"ITB20-L3","ITB20","3","0","4","Available","Unpurchased"
"ITB20-L2","ITB20","2","0","4","Available","Unpurchased"
"ITB20-L1","ITB20","1","0","4","Available","Unpurchased"
"ITB21-L5","ITB21","5","2","2","Unoccupied",
"ITB21-L4","ITB21","4","0","4","Available","Unpurchased"
"ITB21-L3","ITB21","3","0","4","Available","Unpurchased"
"ITB21-L2","ITB21","2","1","3","Partially Occupied",
"ITB21-L1","ITB21","1","1","3","Partially Occupied",
"ITB22-L5","ITB22","5","4","0","Fully Occupied",
"ITB22-L4","ITB22","4","4","0","Unoccupied",
"ITB22-L3","ITB22","3","4","0","Unoccupied",
"ITB22-L2","ITB22","2","4","0","Unoccupied",
"ITB22-L1","ITB22","1","2","2","Unoccupied",
"ITB23-L5","ITB23","5","0","4","Available","Unpurchased"
"ITB23-L4","ITB23","4","0","4","Available","Unpurchased"
"ITB23-L3","ITB23","3","0","4","Available","Unpurchased"
"ITB23-L2","ITB23","2","0","4","Available","Unpurchased"
"ITB23-L1","ITB23","1","0","4","Available","Unpurchased"
"ITB3-L4","ITB3","4","1","3","Partially Occupied",
"ITB3-L3","ITB3","3","1","3","Partially Occupied",
"ITB3-L2","ITB3","2","1","3","Unoccupied",
"ITB3-L1","ITB3","1","1","3","Unoccupied",
"ITB4-L4","ITB4","4","1","3","Unoccupied",
"ITB4-L3","ITB4","3","1","3","Partially Occupied",
"ITB4-L2","ITB4","2","1","3","Unoccupied",
"ITB4-L1","ITB4","1","1","3","Partially Occupied",
"ITB5-L5","ITB5","5","1","3","Unoccupied",
"ITB5-L4","ITB5","4","1","3","Partially Occupied",
"ITB5-L3","ITB5","3","1","3","Partially Occupied",
"ITB5-L2","ITB5","2","1","3","Partially Occupied",
"ITB5-L1","ITB5","1","1","3","Unoccupied",
"ITB6-L3","ITB6","3","1","3","Partially Occupied",
"ITB6-L2","ITB6","2","1","3","Partially Occupied",
"ITB6-L1","ITB6","1","1","3","Unoccupied",
"ITB7-L4","ITB7","4","1","3","Partially Occupied",
"ITB7-L3","ITB7","3","1","3","Partially Occupied",
"ITB7-L2","ITB7","2","1","3","Partially Occupied",
"ITB7-L1","ITB7","1","1","3","Partially Occupied",
"ITB8-L5","ITB8","5","0","4","Available","Unpurchased"
"ITB8-L4","ITB8","4","0","4","Available","Unpurchased"
"ITB8-L3","ITB8","3","0","4","Available","Unpurchased"
"ITB8-L2","ITB8","2","1","3","Unoccupied",
"ITB8-L1","ITB8","1","1","3","Unoccupied",
"ITB9-L5","ITB9","5","1","3","Unoccupied",
"ITB9-L4","ITB9","4","1","3","Partially Occupied",
"ITB9-L3","ITB9","3","1","3","Partially Occupied",
"ITB9-L2","ITB9","2","1","3","Unoccupied",
"ITB9-L1","ITB9","1","1","3","Unoccupied",
"ITC1-L5","ITC1","5","1","3","Unoccupied",
"ITC1-L4","ITC1","4","1","3","Unoccupied",
"ITC1-L3","ITC1","3","1","3","Unoccupied",
"ITC1-L2","ITC1","2","1","3","Partially Occupied",
"ITC1-L1","ITC1","1","1","3","Partially Occupied",
"ITC10-L5","ITC10","5","0","4","Available","Unpurchased"
"ITC10-L4","ITC10","4","0","4","Available","Unpurchased"
"ITC10-L3","ITC10","3","0","4","Available","Unpurchased"
"ITC10-L2","ITC10","2","0","4","Available","Unpurchased"
"ITC10-L1","ITC10","1","0","4","Available","Unpurchased"
"ITC11-L5","ITC11","5","0","4","Available","Unpurchased"
"ITC11-L4","ITC11","4","0","4","Available","Unpurchased"
"ITC11-L3","ITC11","3","0","4","Available","Unpurchased"
"ITC11-L2","ITC11","2","0","4","Available","Unpurchased"
"ITC11-L1","ITC11","1","0","4","Available","Unpurchased"
"ITC12-L5","ITC12","5","0","4","Available","Unpurchased"
"ITC12-L4","ITC12","4","0","4","Available","Unpurchased"
"ITC12-L3","ITC12","3","0","4","Available","Unpurchased"
"ITC12-L2","ITC12","2","0","4","Available","Unpurchased"
"ITC12-L1","ITC12","1","0","4","Available","Unpurchased"
"ITC13-L5","ITC13","5","1","3","Unoccupied",
"ITC13-L4","ITC13","4","1","3","Unoccupied",
"ITC13-L3","ITC13","3","1","3","Partially Occupied",
"ITC13-L2","ITC13","2","1","3","Unoccupied",
"ITC13-L1","ITC13","1","1","3","Unoccupied",
"ITC14-L5","ITC14","5","0","4","Available","Unpurchased"
"ITC14-L4","ITC14","4","1","3","Partially Occupied",
"ITC14-L3","ITC14","3","1","3","Partially Occupied",
"ITC14-L2","ITC14","2","0","4","Available","Unpurchased"
"ITC14-L1","ITC14","1","0","4","Available","Unpurchased"
"ITC15-L5","ITC15","5","0","4","Available","Unpurchased"
"ITC15-L4","ITC15","4","0","4","Available","Unpurchased"
"ITC15-L3","ITC15","3","0","4","Available","Unpurchased"
"ITC15-L2","ITC15","2","0","4","Available","Unpurchased"
"ITC15-L1","ITC15","1","0","4","Available","Unpurchased"
"ITC16-L5","ITC16","5","1","3","Unoccupied",
"ITC16-L4","ITC16","4","1","3","Unoccupied",
"ITC16-L3","ITC16","3","1","3","Unoccupied",
"ITC16-L2","ITC16","2","1","3","Partially Occupied",
"ITC16-L1","ITC16","1","1","3","Partially Occupied",
"ITC17-L5","ITC17","5","1","3","Partially Occupied",
"ITC17-L4","ITC17","4","1","3","Partially Occupied",
"ITC17-L3","ITC17","3","1","3","Partially Occupied",
"ITC17-L2","ITC17","2","1","3","Partially Occupied",
"ITC17-L1","ITC17","1","1","3","Partially Occupied",
"ITC2-L5","ITC2","5","1","3","Unoccupied",
"ITC2-L4","ITC2","4","1","3","Partially Occupied",
"ITC2-L3","ITC2","3","1","3","Partially Occupied",
"ITC2-L2","ITC2","2","1","3","Unoccupied",
"ITC2-L1","ITC2","1","1","3","Unoccupied",
"ITC3-L5","ITC3","5","0","4","Available","Unpurchased"
"ITC3-L4","ITC3","4","0","4","Available","Unpurchased"
"ITC3-L3","ITC3","3","2","2","Partially Occupied",
"ITC3-L2","ITC3","2","1","3","Unoccupied",
"ITC3-L1","ITC3","1","2","2","Partially Occupied",
"ITC4-L5","ITC4","5","0","4","Available","Unpurchased"
"ITC4-L4","ITC4","4","0","4","Available","Unpurchased"
"ITC4-L3","ITC4","3","0","4","Available","Unpurchased"
"ITC4-L2","ITC4","2","0","4","Available","Unpurchased"
"ITC4-L1","ITC4","1","0","4","Available","Unpurchased"
"ITC5-L5","ITC5","5","0","4","Available","Unpurchased"
"ITC5-L4","ITC5","4","0","4","Available","Unpurchased"
"ITC5-L3","ITC5","3","0","4","Available","Unpurchased"
"ITC5-L2","ITC5","2","1","3","Unoccupied",
"ITC5-L1","ITC5","1","1","3","Unoccupied",
"ITC6-L5","ITC6","5","0","4","Available","Unpurchased"
"ITC6-L4","ITC6","4","0","4","Available","Unpurchased"
"ITC6-L3","ITC6","3","4","0","Fully Occupied",
"ITC6-L2","ITC6","2","1","3","Unoccupied",
"ITC6-L1","ITC6","1","1","3","Partially Occupied",
"ITC7-L5","ITC7","5","0","4","Available","Unpurchased"
"ITC7-L4","ITC7","4","0","4","Available","Unpurchased"
"ITC7-L3","ITC7","3","0","4","Available","Unpurchased"
"ITC7-L2","ITC7","2","0","4","Available","Unpurchased"
"ITC7-L1","ITC7","1","0","4","Available","Unpurchased"
"ITC8-L5","ITC8","5","0","4","Available","Unpurchased"
"ITC8-L4","ITC8","4","0","4","Available","Unpurchased"
"ITC8-L3","ITC8","3","0","4","Available","Unpurchased"
"ITC8-L2","ITC8","2","0","4","Available","Unpurchased"
"ITC8-L1","ITC8","1","0","4","Available","Unpurchased"
"ITC9-L5","ITC9","5","0","4","Available","Unpurchased"
"ITC9-L4","ITC9","4","0","4","Available","Unpurchased"
"ITC9-L3","ITC9","3","0","4","Available","Unpurchased"
"ITC9-L2","ITC9","2","0","4","Available","Unpurchased"
"ITC9-L1","ITC9","1","0","4","Available","Unpurchased"
"NYA1-L5","NYA1","5","1","3","Partially Occupied",
"NYA1-L4","NYA1","4","1","3","Partially Occupied",
"NYA1-L3","NYA1","3","1","3","Partially Occupied",
"NYA1-L2","NYA1","2","1","3","Partially Occupied",
"NYA1-L1","NYA1","1","1","3","Partially Occupied",
"NYA2-L5","NYA2","5","1","3","Partially Occupied",
"NYA2-L4","NYA2","4","1","3","Partially Occupied",
"NYA2-L3","NYA2","3","1","3","Partially Occupied",
"NYA2-L2","NYA2","2","1","3","Partially Occupied",
"NYA2-L1","NYA2","1","1","3","Partially Occupied",
"NYA3-L5","NYA3","5","1","3","Unoccupied",
"NYA3-L4","NYA3","4","1","3","Unoccupied",
"NYA3-L3","NYA3","3","1","3","Unoccupied",
"NYA3-L2","NYA3","2","1","3","Unoccupied",
"NYA3-L1","NYA3","1","1","3","Partially Occupied",
"NYA4-L5","NYA4","5","1","3","Partially Occupied",
"NYA4-L4","NYA4","4","1","3","Partially Occupied",
"NYA4-L3","NYA4","3","1","3","Partially Occupied",
"NYA4-L2","NYA4","2","1","3","Partially Occupied",
"NYA4-L1","NYA4","1","1","3","Unoccupied",
"NYA5-L5","NYA5","5","1","3","Unoccupied",
"NYA5-L4","NYA5","4","1","3","Partially Occupied",
"NYA5-L3","NYA5","3","1","3","Partially Occupied",
"NYA5-L2","NYA5","2","1","3","Partially Occupied",
"NYA5-L1","NYA5","1","1","3","Partially Occupied",
"NYA6-L5","NYA6","5","1","3","Partially Occupied",
"NYA6-L4","NYA6","4","1","3","Partially Occupied",
"NYA6-L3","NYA6","3","1","3","Partially Occupied",
"NYA6-L2","NYA6","2","1","3","Partially Occupied",
"NYA6-L1","NYA6","1","1","3","Partially Occupied",
"NYA7-L6","NYA7","6","1","3","Partially Occupied",
"NYA7-L5","NYA7","5","1","3","Partially Occupied",
"NYA7-L4","NYA7","4","1","3","Partially Occupied",
"NYA7-L3","NYA7","3","1","3","Partially Occupied",
"NYA7-L2","NYA7","2","1","3","Partially Occupied",
"NYA7-L1","NYA7","1","1","3","Partially Occupied",
"NYB1-L5","NYB1","5","1","3","Unoccupied",
"NYB1-L4","NYB1","4","1","3","Unoccupied",
"NYB1-L3","NYB1","3","1","3","Unoccupied",
"NYB1-L2","NYB1","2","1","3","Unoccupied",
"NYB1-L1","NYB1","1","1","3","Unoccupied","Stone on or near lot says ""Mother"""
"NYB2-L5","NYB2","5","1","3","Partially Occupied",
"NYB2-L4","NYB2","4","1","3","Partially Occupied",
"NYB2-L3","NYB2","3","1","3","Unoccupied",
"NYB2-L2","NYB2","2","1","3","Partially Occupied",
"NYB2-L1","NYB2","1","1","3","Unoccupied",
"NYB3-L6","NYB3","6","1","3","Partially Occupied",
"NYB3-L5","NYB3","5","1","3","Partially Occupied",
"NYB3-L4","NYB3","4","1","3","Partially Occupied",
"NYB3-L3","NYB3","3","3","1","Partially Occupied",
"NYB3-L2","NYB3","2","1","3","Unoccupied",
"NYB3-L1","NYB3","1","1","3","Unoccupied",
"NYB4-L5","NYB4","5","1","3","Partially Occupied",
"NYB4-L4","NYB4","4","1","3","Partially Occupied",
"NYB4-L3","NYB4","3","1","3","Partially Occupied",
"NYB4-L2","NYB4","2","1","3","Partially Occupied",
"NYB4-L1","NYB4","1","1","3","Partially Occupied",
"NYB5-L5","NYB5","5","1","3","Partially Occupied",
"NYB5-L4","NYB5","4","1","3","Partially Occupied",
"NYB5-L3","NYB5","3","1","3","Unoccupied",
"NYB5-L2","NYB5","2","1","3","Partially Occupied",
"NYB5-L1","NYB5","1","1","3","Partially Occupied",
"NYB6-L5","NYB6","5","1","3","Unoccupied",
"NYB6-L4","NYB6","4","1","3","Unoccupied",
"NYB6-L3","NYB6","3","1","3","Partially Occupied",
"NYB6-L2","NYB6","2","1","3","Partially Occupied",
"NYB6-L1","NYB6","1","1","3","Partially Occupied",
"NYB7-L5","NYB7","5","1","3","Partially Occupied",
"NYB7-L4","NYB7","4","2","2","Partially Occupied",
"NYB7-L3","NYB7","3","1","3","Partially Occupied",
"NYB7-L2","NYB7","2","1","3","Partially Occupied",
"NYB7-L1","NYB7","1","1","3","Partially Occupied",
"NYC1-L5","NYC1","5","1","3","Unoccupied",
"NYC1-L4","NYC1","4","1","3","Unoccupied",
"NYC1-L3","NYC1","3","1","3","Unoccupied",
"NYC1-L2","NYC1","2","1","3","Partially Occupied",
"NYC1-L1","NYC1","1","1","3","Partially Occupied",
"NYC2-L6","NYC2","6","1","3","Partially Occupied",
"NYC2-L5","NYC2","5","1","3","Partially Occupied",
"NYC2-L4","NYC2","4","1","3","Partially Occupied",
"NYC2-L3","NYC2","3","1","3","Partially Occupied",
"NYC2-L2","NYC2","2","1","3","Partially Occupied",
"NYC2-L1","NYC2","1","1","3","Partially Occupied",
"NYC3-L5","NYC3","5","1","3","Partially Occupied",
"NYC3-L4","NYC3","4","1","3","Partially Occupied",
"NYC3-L3","NYC3","3","1","3","Partially Occupied",
"NYC3-L2","NYC3","2","1","3","Partially Occupied",
"NYC3-L1","NYC3","1","1","3","Partially Occupied",
"NYC4-L5","NYC4","5","1","3","Partially Occupied",
"NYC4-L4","NYC4","4","1","3","Partially Occupied",
"NYC4-L3","NYC4","3","1","3","Partially Occupied",
"NYC4-L2","NYC4","2","1","3","Partially Occupied",
"NYC4-L1","NYC4","1","1","3","Partially Occupied",
"NYC5-L5","NYC5","5","1","3","Unoccupied",
"NYC5-L4","NYC5","4","1","3","Unoccupied",
"NYC5-L3","NYC5","3","1","3","Unoccupied",
"NYC5-L2","NYC5","2","1","3","Unoccupied",
"NYC5-L1","NYC5","1","1","3","Partially Occupied",
"NYC6-L5","NYC6","5","1","3","Unoccupied",
"NYC6-L4","NYC6","4","1","3","Partially Occupied",
"NYC6-L3","NYC6","3","1","3","Partially Occupied",
"NYC6-L2","NYC6","2","1","3","Partially Occupied",
"NYC6-L1","NYC6","1","1","3","Partially Occupied",
"NYC7-L5","NYC7","5","1","3","Unoccupied",
"NYC7-L4","NYC7","4","1","3","Partially Occupied",
"NYC7-L3","NYC7","3","1","3","Partially Occupied",
"NYC7-L2","NYC7","2","1","3","Partially Occupied",
"NYC7-L1","NYC7","1","1","3","Partially Occupied",
"NYD1-L6","NYD1","6","1","3","Partially Occupied",
"NYD1-L5","NYD1","5","1","3","Partially Occupied",
"NYD1-L4","NYD1","4","1","3","Partially Occupied",
"NYD1-L3","NYD1","3","1","3","Partially Occupied",
"NYD1-L2","NYD1","2","1","3","Partially Occupied",
"NYD1-L1","NYD1","1","1","3","Partially Occupied",
"NYD2-L5","NYD2","5","1","3","Unoccupied",
"NYD2-L4","NYD2","4","1","3","Unoccupied",
"NYD2-L3","NYD2","3","1","3","Partially Occupied",
"NYD2-L2","NYD2","2","1","3","Partially Occupied",
"NYD2-L1","NYD2","1","1","3","Partially Occupied",
"NYD3-L5","NYD3","5","1","3","Unoccupied",
"NYD3-L4","NYD3","4","1","3","Unoccupied",
"NYD3-L3","NYD3","3","1","3","Partially Occupied",
"NYD3-L2","NYD3","2","1","3","Partially Occupied",
"NYD3-L1","NYD3","1","1","3","Partially Occupied",
"NYD4-L5","NYD4","5","1","3","Partially Occupied",
"NYD4-L4","NYD4","4","1","3","Partially Occupied",
"NYD4-L3","NYD4","3","1","3","Partially Occupied",
"NYD4-L2","NYD4","2","1","3","Partially Occupied",
"NYD4-L1","NYD4","1","1","3","Partially Occupied",
"NYD5-L5","NYD5","5","1","3","Unoccupied",
"NYD5-L4","NYD5","4","1","3","Unoccupied",
"NYD5-L3","NYD5","3","1","3","Unoccupied",
"NYD5-L2","NYD5","2","1","3","Partially Occupied",
"NYD5-L1","NYD5","1","1","3","Partially Occupied",
"NYD6-L5","NYD6","5","1","3","Partially Occupied",
"NYD6-L4","NYD6","4","1","3","Partially Occupied",
"NYD6-L3","NYD6","3","1","3","Partially Occupied",
"NYD6-L2","NYD6","2","1","3","Partially Occupied",
"NYD6-L1","NYD6","1","1","3","Partially Occupied",
"NYD7-L5","NYD7","5","1","3","Unoccupied",
"NYD7-L4","NYD7","4","1","3","Unoccupied",
"NYD7-L3","NYD7","3","1","3","Partially Occupied",
"NYD7-L2","NYD7","2","1","3","Partially Occupied",
"NYD7-L1","NYD7","1","1","3","Partially Occupied",
"NYE1-L5","NYE1","5","1","3","Unoccupied",
"NYE1-L4","NYE1","4","1","3","Unoccupied",
"NYE1-L3","NYE1","3","1","3","Partially Occupied",
"NYE1-L2","NYE1","2","1","3","Partially Occupied",
"NYE1-L1","NYE1","1","1","3","Partially Occupied",
"NYE2-L5","NYE2","5","1","3","Unoccupied",
"NYE2-L4","NYE2","4","1","3","Unoccupied",
"NYE2-L3","NYE2","3","1","3","Unoccupied",
"NYE2-L2","NYE2","2","1","3","Unoccupied",
"NYE2-L1","NYE2","1","1","3","Unoccupied",
"NYE3-L5","NYE3","5","1","3","Partially Occupied",
"NYE3-L4","NYE3","4","1","3","Unoccupied","John J.A. Huntington 3/19/1858-12/17/1938 died in Litchfield. Brunswick Record obit says burial at Orr's Island. Possibly here."
"NYE3-L3","NYE3","3","1","3","Partially Occupied","Both buried at sea"
"NYE3-L2","NYE3","2","1","3","Unoccupied","Herbert Pye 9/21/1866- 7/12/1939 died in Portland. Obit says to be buried Orrs Island. Possibly here."
"NYE3-L1","NYE3","1","1","3","Partially Occupied",
"NYE4-L4","NYE4","4","1","3","Partially Occupied",
"NYE4-L3","NYE4","3","1","3","Partially Occupied",
"NYE4-L2","NYE4","2","1","3","Partially Occupied",
"NYE4-L1","NYE4","1","1","3","Partially Occupied",
"NYE5-L5","NYE5","5","1","3","Unoccupied",
"NYE5-L4","NYE5","4","1","3","Partially Occupied",
"NYE5-L3","NYE5","3","1","3","Partially Occupied",
"NYE5-L2","NYE5","2","1","3","Unoccupied",
"NYE5-L1","NYE5","1","1","3","Unoccupied",
"NYE6-L5","NYE6","5","0","4","Available","Unpurchased"
"NYE6-L4","NYE6","4","0","4","Available","Unpurchased"
"NYE6-L3","NYE6","3","0","4","Available","Unpurchased"
"NYE6-L2","NYE6","2","0","4","Available","Unpurchased"
"NYE6-L1","NYE6","1","1","3","Partially Occupied",
"NYE7-L5","NYE7","5","1","3","Partially Occupied",
"NYE7-L4","NYE7","4","1","3","Partially Occupied",
"NYE7-L3","NYE7","3","1","3","Unoccupied",
"NYE7-L2","NYE7","2","1","3","Unoccupied",
"NYE7-L1","NYE7","1","1","3","Unoccupied",
"NYF1-L5","NYF1","5","1","3","Unoccupied",
"NYF1-L4","NYF1","4","1","3","Unoccupied",
"NYF1-L3","NYF1","3","1","3","Partially Occupied",
"NYF1-L2","NYF1","2","1","3","Partially Occupied",
"NYF1-L1","NYF1","1","1","3","Partially Occupied",
"NYF2-L6","NYF2","6","1","3","Partially Occupied",
"NYF2-L5","NYF2","5","1","3","Partially Occupied",
"NYF2-L4","NYF2","4","1","3","Partially Occupied",
"NYF2-L3","NYF2","3","1","3","Partially Occupied",
"NYF2-L2","NYF2","2","1","3","Partially Occupied",
"NYF2-L1","NYF2","1","3","1","Partially Occupied",
"NYF3-L5","NYF3","5","1","3","Unoccupied",
"NYF3-L4","NYF3","4","1","3","Partially Occupied",
"NYF3-L3","NYF3","3","1","3","Partially Occupied",
"NYF3-L2","NYF3","2","1","3","Partially Occupied",
"NYF3-L1","NYF3","1","1","3","Partially Occupied",
"NYF4-L5","NYF4","5","1","3","Unoccupied",
"NYF4-L4","NYF4","4","1","3","Partially Occupied",
"NYF4-L3","NYF4","3","1","3","Partially Occupied",
"NYF4-L2","NYF4","2","1","3","Partially Occupied",
"NYF4-L1","NYF4","1","1","3","Partially Occupied",
"NYF5-L5","NYF5","5","1","3","Unoccupied",
"NYF5-L4","NYF5","4","1","3","Partially Occupied",
"NYF5-L3","NYF5","3","1","3","Partially Occupied",
"NYF5-L2","NYF5","2","1","3","Partially Occupied",
"NYF5-L1","NYF5","1","1","3","Partially Occupied",
"NYF6-L5","NYF6","5","1","3","Partially Occupied",
"NYF6-L4","NYF6","4","1","3","Partially Occupied",
"NYF6-L3","NYF6","3","1","3","Partially Occupied",
"NYF6-L2","NYF6","2","1","3","Partially Occupied",
"NYF6-L1","NYF6","1","1","3","Partially Occupied",
"NYF7-L5","NYF7","5","1","3","Unoccupied",
"NYF7-L4","NYF7","4","1","3","Unoccupied",
"NYF7-L3","NYF7","3","1","3","Unoccupied",
"NYF7-L2","NYF7","2","1","3","Unoccupied",
"NYF7-L1","NYF7","1","1","3","Unoccupied",
"NYG1-L5","NYG1","5","1","3","Unoccupied",
"NYG1-L4","NYG1","4","1","3","Unoccupied",
"NYG1-L3","NYG1","3","1","3","Unoccupied",
"NYG1-L2","NYG1","2","1","3","Unoccupied",
"NYG1-L1","NYG1","1","1","3","Unoccupied",
"NYG2-L5","NYG2","5","1","3","Partially Occupied",
"NYG2-L4","NYG2","4","1","3","Partially Occupied",
"NYG2-L3","NYG2","3","1","3","Partially Occupied",
"NYG2-L2","NYG2","2","1","3","Partially Occupied",
"NYG2-L1","NYG2","1","1","3","Partially Occupied",
"NYG3-L5","NYG3","5","1","3","Unoccupied",
"NYG3-L4","NYG3","4","1","3","Unoccupied",
"NYG3-L3","NYG3","3","1","3","Unoccupied",
"NYG3-L2","NYG3","2","1","3","Unoccupied",
"NYG3-L1","NYG3","1","1","3","Unoccupied",
"NYG4-L6","NYG4","6","1","3","Partially Occupied",
"NYG4-L5","NYG4","5","1","3","Partially Occupied",
"NYG4-L4","NYG4","4","1","3","Partially Occupied",
"NYG4-L3","NYG4","3","1","3","Partially Occupied",
"NYG4-L2","NYG4","2","1","3","Partially Occupied",
"NYG4-L1","NYG4","1","1","3","Partially Occupied",
"NYG5-L5","NYG5","5","2","2","Partially Occupied",
"NYG5-L4","NYG5","4","1","3","Partially Occupied",
"NYG5-L3","NYG5","3","1","3","Partially Occupied",
"NYG5-L2","NYG5","2","1","3","Partially Occupied",
"NYG5-L1","NYG5","1","1","3","Partially Occupied",
"NYG6-L5","NYG6","5","1","3","Partially Occupied",
"NYG6-L4","NYG6","4","1","3","Partially Occupied",
"NYG6-L3","NYG6","3","1","3","Unoccupied",
"NYG6-L2","NYG6","2","1","3","Unoccupied",
"NYG6-L1","NYG6","1","1","3","Unoccupied",
"NYG7-L5","NYG7","5","1","3","Unoccupied",
"NYG7-L4","NYG7","4","1","3","Unoccupied",
"NYG7-L3","NYG7","3","1","3","Partially Occupied",
"NYG7-L2","NYG7","2","1","3","Partially Occupied",
"NYG7-L1","NYG7","1","1","3","Unoccupied",
"NYH1-L5","NYH1","5","1","3","Unoccupied",
"NYH1-L4","NYH1","4","1","3","Unoccupied",
"NYH1-L3","NYH1","3","1","3","Partially Occupied",
"NYH1-L2","NYH1","2","1","3","Partially Occupied",
"NYH1-L1","NYH1","1","1","3","Partially Occupied",
"NYH2-L5","NYH2","5","1","3","Unoccupied",
"NYH2-L4","NYH2","4","1","3","Unoccupied",
"NYH2-L3","NYH2","3","1","3","Unoccupied",
"NYH2-L2","NYH2","2","1","3","Unoccupied",
"NYH2-L1","NYH2","1","1","3","Unoccupied",
"NYH3-L5","NYH3","5","1","3","Partially Occupied",
"NYH3-L4","NYH3","4","1","3","Partially Occupied",
"NYH3-L3","NYH3","3","1","3","Unoccupied",
"NYH3-L2","NYH3","2","1","3","Partially Occupied",
"NYH3-L1","NYH3","1","1","3","Partially Occupied",
"NYH4-L5","NYH4","5","1","3","Unoccupied",
"NYH4-L4","NYH4","4","1","3","Unoccupied",
"NYH4-L3","NYH4","3","1","3","Unoccupied",
"NYH4-L2","NYH4","2","1","3","Partially Occupied",
"NYH4-L1","NYH4","1","1","3","Partially Occupied",
"NYH5-L5","NYH5","5","1","3","Unoccupied",
"NYH5-L4","NYH5","4","1","3","Partially Occupied",
"NYH5-L3","NYH5","3","1","3","Partially Occupied",
"NYH5-L2","NYH5","2","2","2","Partially Occupied",
"NYH5-L1","NYH5","1","1","3","Partially Occupied",
"NYH6-L5","NYH6","5","1","3","Unoccupied",
"NYH6-L4","NYH6","4","1","3","Partially Occupied",
"NYH6-L3","NYH6","3","1","3","Partially Occupied",
"NYH6-L2","NYH6","2","1","3","Partially Occupied",
"NYH6-L1","NYH6","1","1","3","Partially Occupied",
"NYH7-L5","NYH7","5","1","3","Partially Occupied",
"NYH7-L4","NYH7","4","1","3","Unoccupied",
"NYH7-L3","NYH7","3","1","3","Partially Occupied",
"NYH7-L2","NYH7","2","1","3","Partially Occupied",
"NYH7-L1","NYH7","1","1","3","Partially Occupied",
"OYA1-L4","OYA1","4","1","3","Unoccupied",
"OYA1-L3","OYA1","3","1","3","Unoccupied",
"OYA1-L2","OYA1","2","1","3","Partially Occupied",
"OYA1-L1","OYA1","1","1","3","Partially Occupied",
"OYA2-L4","OYA2","4","1","3","Unoccupied",
"OYA2-L3","OYA2","3","1","3","Unoccupied",
"OYA2-L2","OYA2","2","1","3","Unoccupied",
"OYA2-L1","OYA2","1","1","3","Unoccupied",
"OYA3-L2","OYA3","2","0","4","Available","Unpurchased"
"OYA3-L1","OYA3","1","0","4","Available","Unpurchased"
"OYB1-L4","OYB1","4","1","3","Partially Occupied",
"OYB1-L3","OYB1","3","1","3","Unoccupied",
"OYB1-L2","OYB1","2","1","3","Partially Occupied",
"OYB1-L1","OYB1","1","1","3","Partially Occupied",
"OYB2-L4","OYB2","4","1","3","Partially Occupied",
"OYB2-L3","OYB2","3","1","3","Partially Occupied",
"OYB2-L2","OYB2","2","1","3","Partially Occupied",
"OYB2-L1","OYB2","1","1","3","Partially Occupied",
"OYB3-L4","OYB3","4","1","3","Unoccupied",
"OYB3-L3","OYB3","3","1","3","Unoccupied",
"OYB3-L2","OYB3","2","1","3","Partially Occupied",
"OYB3-L1","OYB3","1","1","3","Partially Occupied",
"OYB4-L4","OYB4","4","1","3","Partially Occupied",
"OYB4-L3","OYB4","3","1","3","Unoccupied",
"OYB4-L2","OYB4","2","1","3","Partially Occupied",
"OYB4-L1","OYB4","1","1","3","Partially Occupied",
"OYB5-L2","OYB5","2","1","3","Unoccupied",
"OYB5-L1","OYB5","1","1","3","Partially Occupied",
"OYC1-L4","OYC1","4","1","3","Partially Occupied",
"OYC1-L3","OYC1","3","1","3","Partially Occupied",
"OYC1-L2","OYC1","2","1","3","Partially Occupied",
"OYC1-L1","OYC1","1","1","3","Partially Occupied",
"OYC2-L4","OYC2","4","1","3","Unoccupied",
"OYC2-L3","OYC2","3","1","3","Partially Occupied",
"OYC2-L2","OYC2","2","1","3","Partially Occupied",
"OYC2-L1","OYC2","1","1","3","Partially Occupied",
"OYC3-L5","OYC3","5","1","3","Partially Occupied",
"OYC3-L4","OYC3","4","1","3","Partially Occupied",
"OYC3-L3","OYC3","3","1","3","Partially Occupied",
"OYC3-L2","OYC3","2","1","3","Partially Occupied",
"OYC3-L1","OYC3","1","1","3","Partially Occupied",
"OYC4-L4","OYC4","4","1","3","Partially Occupied",
"OYC4-L3","OYC4","3","1","3","Unoccupied",
"OYC4-L2","OYC4","2","1","3","Unoccupied",
"OYC4-L1","OYC4","1","1","3","Unoccupied",
"OYC5-L4","OYC5","4","1","3","Unoccupied",
"OYC5-L3","OYC5","3","1","3","Partially Occupied",
"OYC5-L2","OYC5","2","1","3","Partially Occupied",
"OYC5-L1","OYC5","1","1","3","Partially Occupied",
"OYC6-L4","OYC6","4","1","3","Partially Occupied",
"OYC6-L3","OYC6","3","1","3","Partially Occupied",
"OYC6-L2","OYC6","2","2","2","Partially Occupied",
"OYC6-L1","OYC6","1","3","1","Partially Occupied",
"OYC7-L2","OYC7","2","1","3","Unoccupied",
"OYC7-L1","OYC7","1","1","3","Partially Occupied",
"OYD1-L4","OYD1","4","1","3","Partially Occupied","Daughter and unnamed baby of Charles W. Starbird and Florance Wyer Starbird"
"OYD1-L3","OYD1","3","1","3","Partially Occupied",
"OYD1-L2","OYD1","2","1","3","Partially Occupied",
"OYD1-L1","OYD1","1","1","3","Partially Occupied",
"OYD10-L4","OYD10","4","1","3","Unoccupied",
"OYD10-L3","OYD10","3","1","3","Partially Occupied",
"OYD10-L2","OYD10","2","1","3","Partially Occupied",
"OYD10-L1","OYD10","1","1","3","Partially Occupied",
"OYD2-L4","OYD2","4","1","3","Unoccupied",
"OYD2-L3","OYD2","3","1","3","Unoccupied",
"OYD2-L2","OYD2","2","1","3","Partially Occupied",
"OYD2-L1","OYD2","1","1","3","Partially Occupied",
"OYD3-L5","OYD3","5","1","3","Partially Occupied","Believe buried in Pineland Cemetery, New Gloucester, Maine"
"OYD3-L4","OYD3","4","1","3","Partially Occupied",
"OYD3-L3","OYD3","3","1","3","Partially Occupied",
"OYD3-L2","OYD3","2","1","3","Partially Occupied",
"OYD3-L1","OYD3","1","1","3","Partially Occupied",
"OYD4-L5","OYD4","5","1","3","Partially Occupied",
"OYD4-L4","OYD4","4","1","3","Partially Occupied",
"OYD4-L3","OYD4","3","1","3","Partially Occupied",
"OYD4-L2","OYD4","2","1","3","Partially Occupied",
"OYD4-L1","OYD4","1","1","3","Partially Occupied",
"OYD5-L2","OYD5","2","0","4","Available","Unpurchased"
"OYD5-L1","OYD5","1","0","4","Available","Unpurchased"
"OYD6-L4","OYD6","4","1","3","Partially Occupied",
"OYD6-L3","OYD6","3","1","3","Partially Occupied",
"OYD6-L2","OYD6","2","1","3","Partially Occupied",
"OYD6-L1","OYD6","1","1","3","Partially Occupied",
"OYD7-L4","OYD7","4","0","4","Available","Unpurchased"
"OYD7-L3","OYD7","3","1","3","Partially Occupied",
"OYD7-L2","OYD7","2","1","3","Unoccupied",
"OYD7-L1","OYD7","1","1","3","Partially Occupied",
"OYD8-L4","OYD8","4","1","3","Unoccupied",
"OYD8-L3","OYD8","3","1","3","Partially Occupied",
"OYD8-L2","OYD8","2","1","3","Unoccupied",
"OYD8-L1","OYD8","1","1","3","Unoccupied",
"OYD9-L4","OYD9","4","1","3","Unoccupied",
"OYD9-L3","OYD9","3","1","3","Partially Occupied",
"OYD9-L2","OYD9","2","1","3","Partially Occupied",
"OYD9-L1","OYD9","1","1","3","Partially Occupied",
"OYE1-L4","OYE1","4","0","4","Available","Unpurchased"
"OYE1-L3","OYE1","3","0","4","Available","Unpurchased"
"OYE1-L2","OYE1","2","0","4","Available","Unpurchased"
"OYE1-L1","OYE1","1","0","4","Available","Unpurchased"
"OYE10-L4","OYE10","4","1","3","Partially Occupied",
"OYE10-L3","OYE10","3","1","3","Partially Occupied",
"OYE10-L2","OYE10","2","1","3","Partially Occupied",
"OYE10-L1","OYE10","1","1","3","Partially Occupied",
"OYE11-L4","OYE11","4","1","3","Unoccupied",
"OYE11-L3","OYE11","3","1","3","Partially Occupied",
"OYE11-L2","OYE11","2","1","3","Partially Occupied",
"OYE11-L1","OYE11","1","1","3","Partially Occupied",
"OYE12-L4","OYE12","4","1","3","Partially Occupied",
"OYE12-L3","OYE12","3","1","3","Unoccupied",
"OYE12-L2","OYE12","2","1","3","Partially Occupied",
"OYE12-L1","OYE12","1","1","3","Partially Occupied",
"OYE2-L4","OYE2","4","1","3","Partially Occupied",
"OYE2-L3","OYE2","3","1","3","Partially Occupied",
"OYE2-L2","OYE2","2","1","3","Partially Occupied",
"OYE2-L1","OYE2","1","1","3","Partially Occupied",
"OYE3-L4","OYE3","4","1","3","Unoccupied",
"OYE3-L3","OYE3","3","1","3","Partially Occupied",
"OYE3-L2","OYE3","2","1","3","Partially Occupied",
"OYE3-L1","OYE3","1","1","3","Partially Occupied",
"OYE4-L4","OYE4","4","1","3","Unoccupied",
"OYE4-L3","OYE4","3","1","3","Partially Occupied",
"OYE4-L2","OYE4","2","1","3","Partially Occupied",
"OYE4-L1","OYE4","1","1","3","Partially Occupied",
"OYE5-L4","OYE5","4","1","3","Partially Occupied",
"OYE5-L3","OYE5","3","1","3","Partially Occupied",
"OYE5-L2","OYE5","2","1","3","Unoccupied",
"OYE5-L1","OYE5","1","1","3","Partially Occupied",
"OYE6-L5","OYE6","5","1","3","Unoccupied",
"OYE6-L4","OYE6","4","1","3","Unoccupied",
"OYE6-L3","OYE6","3","1","3","Unoccupied",
"OYE6-L2","OYE6","2","1","3","Partially Occupied",
"OYE6-L1","OYE6","1","1","3","Partially Occupied",
"OYE7-L5","OYE7","5","1","3","Partially Occupied",
"OYE7-L4","OYE7","4","1","3","Partially Occupied",
"OYE7-L3","OYE7","3","1","3","Partially Occupied",
"OYE7-L2","OYE7","2","1","3","Partially Occupied",
"OYE7-L1","OYE7","1","1","3","Partially Occupied",
"OYE8-L4","OYE8","4","1","3","Partially Occupied",
"OYE8-L3","OYE8","3","1","3","Partially Occupied",
"OYE8-L2","OYE8","2","0","4","Available","Unpurchased"
"OYE8-L1","OYE8","1","1","3","Partially Occupied",
"OYE9-L4","OYE9","4","1","3","Partially Occupied",
"OYE9-L3","OYE9","3","1","3","Partially Occupied",
"OYE9-L2","OYE9","2","1","3","Partially Occupied",
"OYE9-L1","OYE9","1","1","3","Partially Occupied",
"OYF1-L6","OYF1","6","1","3","Partially Occupied",
"OYF1-L5","OYF1","5","1","3","Partially Occupied",
"OYF1-L4","OYF1","4","1","3","Partially Occupied",
"OYF1-L3","OYF1","3","1","3","Partially Occupied",
"OYF1-L2","OYF1","2","1","3","Partially Occupied",
"OYF1-L1","OYF1","1","1","3","Partially Occupied",
"OYF10-L4","OYF10","4","1","3","Partially Occupied",
"OYF10-L3","OYF10","3","1","3","Partially Occupied",
"OYF10-L2","OYF10","2","1","3","Partially Occupied",
"OYF10-L1","OYF10","1","1","3","Partially Occupied",
"OYF11-L7","OYF11","7","1","3","Partially Occupied",
"OYF11-L6","OYF11","6","1","3","Partially Occupied",
"OYF11-L5","OYF11","5","1","3","Partially Occupied",
"OYF11-L4","OYF11","4","1","3","Partially Occupied",
"OYF11-L3","OYF11","3","1","3","Partially Occupied",
"OYF11-L2","OYF11","2","1","3","Partially Occupied",
"OYF11-L1","OYF11","1","1","3","Partially Occupied",
"OYF12-L2","OYF12","2","1","3","Partially Occupied",
"OYF12-L1","OYF12","1","1","3","Partially Occupied",
"OYF2-L5","OYF2","5","1","3","Partially Occupied",
"OYF2-L4","OYF2","4","1","3","Partially Occupied",
"OYF2-L3","OYF2","3","1","3","Partially Occupied",
"OYF2-L2","OYF2","2","1","3","Partially Occupied",
"OYF2-L1","OYF2","1","1","3","Partially Occupied",
"OYF3-L4","OYF3","4","1","3","Partially Occupied",
"OYF3-L3","OYF3","3","1","3","Partially Occupied",
"OYF3-L2","OYF3","2","1","3","Partially Occupied",
"OYF3-L1","OYF3","1","1","3","Partially Occupied",
"OYF4-L4","OYF4","4","1","3","Partially Occupied",
"OYF4-L3","OYF4","3","1","3","Partially Occupied",
"OYF4-L2","OYF4","2","1","3","Partially Occupied",
"OYF4-L1","OYF4","1","1","3","Partially Occupied",
"OYF5-L4","OYF5","4","1","3","Unoccupied",
"OYF5-L3","OYF5","3","1","3","Unoccupied",
"OYF5-L2","OYF5","2","1","3","Partially Occupied",
"OYF5-L1","OYF5","1","1","3","Partially Occupied",
"OYF6-L4","OYF6","4","1","3","Partially Occupied",
"OYF6-L3","OYF6","3","1","3","Partially Occupied",
"OYF6-L2","OYF6","2","1","3","Unoccupied",
"OYF6-L1","OYF6","1","1","3","Partially Occupied",
"OYF7-L4","OYF7","4","1","3","Partially Occupied",
"OYF7-L3","OYF7","3","1","3","Partially Occupied",
"OYF7-L2","OYF7","2","1","3","Partially Occupied",
"OYF7-L1","OYF7","1","1","3","Partially Occupied",
"OYF8-L4","OYF8","4","1","3","Partially Occupied",
"OYF8-L3","OYF8","3","1","3","Partially Occupied",
"OYF8-L2","OYF8","2","1","3","Partially Occupied",
"OYF8-L1","OYF8","1","1","3","Partially Occupied",
"OYF9-L4","OYF9","4","1","3","Partially Occupied",
"OYF9-L3","OYF9","3","1","3","Partially Occupied",
"OYF9-L2","OYF9","2","1","3","Unoccupied",
"OYF9-L1","OYF9","1","1","3","Partially Occupied",
"OYG1-L4","OYG1","4","1","3","Unoccupied",
"OYG1-L3","OYG1","3","1","3","Unoccupied",
"OYG1-L2","OYG1","2","1","3","Unoccupied",
"OYG1-L1","OYG1","1","1","3","Unoccupied",
"OYG10-L4","OYG10","4","1","3","Partially Occupied",
"OYG10-L3","OYG10","3","1","3","Partially Occupied",
"OYG10-L2","OYG10","2","1","3","Partially Occupied",
"OYG10-L1","OYG10","1","1","3","Partially Occupied",
"OYG11-L5","OYG11","5","1","3","Unoccupied",
"OYG11-L4","OYG11","4","1","3","Unoccupied",
"OYG11-L3","OYG11","3","1","3","Partially Occupied",
"OYG11-L2","OYG11","2","1","3","Unoccupied",
"OYG11-L1","OYG11","1","1","3","Unoccupied",
"OYG12-L4","OYG12","4","1","3","Partially Occupied",
"OYG12-L3","OYG12","3","1","3","Partially Occupied",
"OYG12-L2","OYG12","2","1","3","Partially Occupied",
"OYG12-L1","OYG12","1","1","3","Partially Occupied",
"OYG2-L4","OYG2","4","1","3","Unoccupied",
"OYG2-L3","OYG2","3","1","3","Unoccupied",
"OYG2-L2","OYG2","2","1","3","Partially Occupied",
"OYG2-L1","OYG2","1","1","3","Unoccupied",
"OYG3-L4","OYG3","4","1","3","Partially Occupied",
"OYG3-L3","OYG3","3","1","3","Partially Occupied",
"OYG3-L2","OYG3","2","1","3","Unoccupied",
"OYG3-L1","OYG3","1","1","3","Partially Occupied",
"OYG4-L4","OYG4","4","1","3","Unoccupied",
"OYG4-L3","OYG4","3","1","3","Unoccupied",
"OYG4-L2","OYG4","2","1","3","Unoccupied",
"OYG4-L1","OYG4","1","1","3","Partially Occupied",
"OYG5-L4","OYG5","4","1","3","Partially Occupied",
"OYG5-L3","OYG5","3","1","3","Partially Occupied",
"OYG5-L2","OYG5","2","1","3","Partially Occupied",
"OYG5-L1","OYG5","1","1","3","Partially Occupied",
"OYG6-L4","OYG6","4","1","3","Unoccupied",
"OYG6-L3","OYG6","3","1","3","Partially Occupied",
"OYG6-L2","OYG6","2","1","3","Partially Occupied",
"OYG6-L1","OYG6","1","1","3","Partially Occupied",
"OYG7-L4","OYG7","4","1","3","Partially Occupied",
"OYG7-L3","OYG7","3","1","3","Partially Occupied",
"OYG7-L2","OYG7","2","1","3","Partially Occupied",
"OYG7-L1","OYG7","1","1","3","Unoccupied",
"OYG8-L4","OYG8","4","1","3","Partially Occupied",
"OYG8-L3","OYG8","3","1","3","Partially Occupied",
"OYG8-L2","OYG8","2","1","3","Partially Occupied",
"OYG8-L1","OYG8","1","1","3","Partially Occupied",
"OYG9-L5","OYG9","5","1","3","Partially Occupied",
"OYG9-L4","OYG9","4","1","3","Partially Occupied",
"OYG9-L3","OYG9","3","1","3","Partially Occupied",
"OYG9-L2","OYG9","2","1","3","Partially Occupied",
"OYG9-L1","OYG9","1","1","3","Partially Occupied",
"OYH1-L4","OYH1","4","1","3","Unoccupied",
"OYH1-L3","OYH1","3","1","3","Unoccupied",
"OYH1-L2","OYH1","2","1","3","Unoccupied",
"OYH1-L1","OYH1","1","1","3","Unoccupied",
"OYH10-L5","OYH10","5","1","3","Partially Occupied",
"OYH10-L4","OYH10","4","1","3","Unoccupied",
"OYH10-L3","OYH10","3","1","3","Partially Occupied",
"OYH10-L2","OYH10","2","1","3","Unoccupied",
"OYH10-L1","OYH10","1","1","3","Partially Occupied",
"OYH11-L5","OYH11","5","1","3","Partially Occupied",
"OYH11-L4","OYH11","4","1","3","Partially Occupied",
"OYH11-L3","OYH11","3","1","3","Unoccupied",
"OYH11-L2","OYH11","2","1","3","Partially Occupied",
"OYH11-L1","OYH11","1","1","3","Partially Occupied",
"OYH12-L5","OYH12","5","1","3","Partially Occupied",
"OYH12-L4","OYH12","4","1","3","Partially Occupied",
"OYH12-L3","OYH12","3","1","3","Unoccupied",
"OYH12-L2","OYH12","2","1","3","Unoccupied",
"OYH12-L1","OYH12","1","1","3","Partially Occupied",
"OYH2-L5","OYH2","5","1","3","Unoccupied",
"OYH2-L4","OYH2","4","1","3","Unoccupied",
"OYH2-L3","OYH2","3","1","3","Partially Occupied",
"OYH2-L2","OYH2","2","1","3","Partially Occupied",
"OYH2-L1","OYH2","1","1","3","Partially Occupied",
"OYH3-L5","OYH3","5","1","3","Unoccupied",
"OYH3-L4","OYH3","4","1","3","Unoccupied",
"OYH3-L3","OYH3","3","1","3","Partially Occupied",
"OYH3-L2","OYH3","2","1","3","Partially Occupied",
"OYH3-L1","OYH3","1","1","3","Partially Occupied",
"OYH4-L5","OYH4","5","0","4","Available","Unpurchased"
"OYH4-L4","OYH4","4","1","3","Partially Occupied",
"OYH4-L3","OYH4","3","1","3","Partially Occupied",
"OYH4-L2","OYH4","2","0","4","Available","Unpurchased"
"OYH4-L1","OYH4","1","0","4","Available","Unpurchased"
"OYH5-L5","OYH5","5","0","4","Available","Unpurchased"
"OYH5-L4","OYH5","4","0","4","Available","Unpurchased"
"OYH5-L3","OYH5","3","1","3","Partially Occupied",
"OYH5-L2","OYH5","2","0","4","Available","Unpurchased"
"OYH5-L1","OYH5","1","0","4","Available","Unpurchased"
"OYH6-L5","OYH6","5","1","3","Unoccupied",
"OYH6-L4","OYH6","4","1","3","Partially Occupied",
"OYH6-L3","OYH6","3","1","3","Partially Occupied",
"OYH6-L2","OYH6","2","1","3","Partially Occupied",
"OYH6-L1","OYH6","1","1","3","Partially Occupied",
"OYH7-L5","OYH7","5","0","4","Available","Unpurchased"
"OYH7-L4","OYH7","4","1","3","Partially Occupied",
"OYH7-L3","OYH7","3","1","3","Partially Occupied",
"OYH7-L2","OYH7","2","0","4","Available","Unpurchased"
"OYH7-L1","OYH7","1","0","4","Available","Unpurchased"
"OYH8-L5","OYH8","5","1","3","Unoccupied",
"OYH8-L4","OYH8","4","1","3","Unoccupied",
"OYH8-L3","OYH8","3","1","3","Partially Occupied",
"OYH8-L2","OYH8","2","1","3","Partially Occupied",
"OYH8-L1","OYH8","1","1","3","Partially Occupied",
"OYH9-L5","OYH9","5","1","3","Partially Occupied",
"OYH9-L4","OYH9","4","1","3","Unoccupied",
"OYH9-L3","OYH9","3","0","4","Available","Unpurchased"
"OYH9-L2","OYH9","2","0","4","Available","Unpurchased"
"OYH9-L1","OYH9","1","0","4","Available","Unpurchased"
"OYI1-L5","OYI1","5","1","3","Unoccupied",
"OYI1-L4","OYI1","4","1","3","Partially Occupied",
"OYI1-L3","OYI1","3","1","3","Partially Occupied",
"OYI1-L2","OYI1","2","1","3","Partially Occupied",
"OYI1-L1","OYI1","1","1","3","Partially Occupied",
"OYI10-L5","OYI10","5","1","3","Partially Occupied",
"OYI10-L4","OYI10","4","1","3","Partially Occupied",
"OYI10-L3","OYI10","3","1","3","Unoccupied",
"OYI10-L2","OYI10","2","1","3","Partially Occupied",
"OYI10-L1","OYI10","1","1","3","Unoccupied",
"OYI11-L5","OYI11","5","1","3","Partially Occupied",
"OYI11-L4","OYI11","4","1","3","Partially Occupied",
"OYI11-L3","OYI11","3","1","3","Partially Occupied",
"OYI11-L2","OYI11","2","1","3","Partially Occupied",
"OYI11-L1","OYI11","1","1","3","Partially Occupied",
"OYI12-L5","OYI12","5","1","3","Unoccupied",
"OYI12-L4","OYI12","4","1","3","Partially Occupied",
"OYI12-L3","OYI12","3","1","3","Partially Occupied",
"OYI12-L2","OYI12","2","1","3","Unoccupied",
"OYI12-L1","OYI12","1","1","3","Unoccupied",
"OYI2-L5","OYI2","5","1","3","Partially Occupied",
"OYI2-L4","OYI2","4","1","3","Partially Occupied",
"OYI2-L3","OYI2","3","1","3","Partially Occupied",
"OYI2-L2","OYI2","2","1","3","Partially Occupied",
"OYI2-L1","OYI2","1","1","3","Partially Occupied",
"OYI3-L5","OYI3","5","1","3","Partially Occupied",
"OYI3-L4","OYI3","4","1","3","Partially Occupied",
"OYI3-L3","OYI3","3","1","3","Partially Occupied",
"OYI3-L2","OYI3","2","1","3","Unoccupied",
"OYI3-L1","OYI3","1","1","3","Unoccupied",
"OYI4-L5","OYI4","5","1","3","Partially Occupied",
"OYI4-L4","OYI4","4","1","3","Partially Occupied",
"OYI4-L3","OYI4","3","1","3","Partially Occupied",
"OYI4-L2","OYI4","2","1","3","Partially Occupied",
"OYI4-L1","OYI4","1","1","3","Unoccupied",
"OYI5-L5","OYI5","5","1","3","Partially Occupied",
"OYI5-L4","OYI5","4","1","3","Unoccupied",
"OYI5-L3","OYI5","3","1","3","Unoccupied",
"OYI5-L2","OYI5","2","1","3","Partially Occupied",
"OYI5-L1","OYI5","1","1","3","Partially Occupied",
"OYI6-L5","OYI6","5","1","3","Unoccupied",
"OYI6-L4","OYI6","4","1","3","Unoccupied",
"OYI6-L3","OYI6","3","1","3","Unoccupied",
"OYI6-L2","OYI6","2","1","3","Unoccupied",
"OYI6-L1","OYI6","1","1","3","Partially Occupied",
"OYI7-L5","OYI7","5","1","3","Unoccupied",
"OYI7-L4","OYI7","4","1","3","Unoccupied",
"OYI7-L3","OYI7","3","1","3","Unoccupied",
"OYI7-L2","OYI7","2","1","3","Unoccupied",
"OYI7-L1","OYI7","1","1","3","Unoccupied",
"OYI8-L5","OYI8","5","1","3","Unoccupied",
"OYI8-L4","OYI8","4","1","3","Unoccupied",
"OYI8-L3","OYI8","3","1","3","Partially Occupied",
"OYI8-L2","OYI8","2","1","3","Partially Occupied",
"OYI8-L1","OYI8","1","1","3","Unoccupied",
"OYI9-L5","OYI9","5","1","3","Partially Occupied",
"OYI9-L4","OYI9","4","1","3","Partially Occupied",
"OYI9-L3","OYI9","3","2","2","Partially Occupied",
"OYI9-L2","OYI9","2","1","3","Unoccupied",
"OYI9-L1","OYI9","1","1","3","Unoccupied",
"OYJ1-L4","OYJ1","4","0","4","Available","Bob Webber expressed interest in this lot."
"OYJ1-L3","OYJ1","3","4","0","Unoccupied",
"OYJ1-L2","OYJ1","2","4","0","Unoccupied",
"OYJ1-L1","OYJ1","1","4","0","Fully Occupied",
"OYJ10-L4","OYJ10","4","1","3","Partially Occupied",
"OYJ10-L3","OYJ10","3","1","3","Partially Occupied",
"OYJ10-L2","OYJ10","2","1","3","Partially Occupied",
"OYJ10-L1","OYJ10","1","1","3","Partially Occupied",
"OYJ11-L5","OYJ11","5","1","3","Partially Occupied",
"OYJ11-L4","OYJ11","4","1","3","Partially Occupied",
"OYJ11-L3","OYJ11","3","1","3","Partially Occupied",
"OYJ11-L2","OYJ11","2","1","3","Unoccupied",
"OYJ11-L1","OYJ11","1","1","3","Partially Occupied",
"OYJ12-L4","OYJ12","4","0","4","Available","Unpurchased"
"OYJ12-L3","OYJ12","3","0","4","Available","Unpurchased"
"OYJ12-L2","OYJ12","2","0","4","Available","Unpurchased"
"OYJ12-L1","OYJ12","1","0","4","Available","Unpurchased"
"OYJ2-L4","OYJ2","4","0","4","Available","Unpurchased"
"OYJ2-L3","OYJ2","3","0","4","Available","Unpurchased"
"OYJ2-L2","OYJ2","2","0","4","Available","Unpurchased"
"OYJ2-L1","OYJ2","1","0","4","Available","Unpurchased"
"OYJ3-L4","OYJ3","4","0","4","Available","Unpurchased"
"OYJ3-L3","OYJ3","3","0","4","Available","Unpurchased"
"OYJ3-L2","OYJ3","2","0","4","Available","Unpurchased"
"OYJ3-L1","OYJ3","1","0","4","Available","Unpurchased"
"OYJ4-L4","OYJ4","4","0","4","Available","Unpurchased"
"OYJ4-L3","OYJ4","3","0","4","Available","Unpurchased"
"OYJ4-L2","OYJ4","2","0","4","Available","Unpurchased"
"OYJ4-L1","OYJ4","1","0","4","Available","Unpurchased"
"OYJ5-L4","OYJ5","4","0","4","Available","Unpurchased"
"OYJ5-L3","OYJ5","3","0","4","Available","Unpurchased"
"OYJ5-L2","OYJ5","2","0","4","Available","Unpurchased"
"OYJ5-L1","OYJ5","1","0","4","Available","Unpurchased"
"OYJ6-L4","OYJ6","4","1","3","Unoccupied",
"OYJ6-L3","OYJ6","3","1","3","Unoccupied",
"OYJ6-L2","OYJ6","2","1","3","Partially Occupied",
"OYJ6-L1","OYJ6","1","1","3","Partially Occupied",
"OYJ7-L4","OYJ7","4","1","3","Unoccupied",
"OYJ7-L3","OYJ7","3","1","3","Unoccupied",
"OYJ7-L2","OYJ7","2","1","3","Partially Occupied",
"OYJ7-L1","OYJ7","1","1","3","Partially Occupied",
"OYJ8-L4","OYJ8","4","1","3","Partially Occupied",
"OYJ8-L3","OYJ8","3","1","3","Partially Occupied",
"OYJ8-L2","OYJ8","2","1","3","Partially Occupied",
"OYJ8-L1","OYJ8","1","1","3","Partially Occupied",
"OYJ9-L4","OYJ9","4","1","3","Unoccupied",
"OYJ9-L3","OYJ9","3","1","3","Partially Occupied",
"OYJ9-L2","OYJ9","2","1","3","Partially Occupied",
"OYJ9-L1","OYJ9","1","1","3","Partially Occupied",
"OYK1-L5","OYK1","5","0","4","Available","Unpurchased"
"OYK1-L4","OYK1","4","0","4","Available","Unpurchased"
"OYK1-L3","OYK1","3","0","4","Available","Unpurchased"
"OYK1-L2","OYK1","2","1","3","Unoccupied",
"OYK1-L1","OYK1","1","0","0","Not Available","The lot appears, by probing, to be partially occupied by a shallow buried vault. There was a buried rough cut granite block, polished with no engraving on the upper side, just below grade. The vault appears to lie partly in this lot and partly in the walkway to the Upper Terrace."
"OYK10-L5","OYK10","5","1","3","Partially Occupied",
"OYK10-L4","OYK10","4","1","3","Partially Occupied",
"OYK10-L3","OYK10","3","1","3","Partially Occupied",
"OYK10-L2","OYK10","2","1","3","Partially Occupied",
"OYK10-L1","OYK10","1","1","3","Partially Occupied",
"OYK11-L5","OYK11","5","1","3","Partially Occupied",
"OYK11-L4","OYK11","4","1","3","Unoccupied",
"OYK11-L3","OYK11","3","1","3","Unoccupied",
"OYK11-L2","OYK11","2","1","3","Partially Occupied",
"OYK11-L1","OYK11","1","1","3","Partially Occupied",
"OYK12-L5","OYK12","5","1","3","Partially Occupied",
"OYK12-L4","OYK12","4","1","3","Unoccupied",
"OYK12-L3","OYK12","3","1","3","Unoccupied",
"OYK12-L2","OYK12","2","1","3","Partially Occupied",
"OYK12-L1","OYK12","1","1","3","Partially Occupied",
"OYK2-L5","OYK2","5","1","3","Unoccupied",
"OYK2-L4","OYK2","4","1","3","Partially Occupied",
"OYK2-L3","OYK2","3","0","4","Available","Unpurchased"
"OYK2-L2","OYK2","2","0","4","Available","Unpurchased"
"OYK2-L1","OYK2","1","0","4","Available","Unpurchased"
"OYK3-L5","OYK3","5","1","3","Partially Occupied",
"OYK3-L4","OYK3","4","1","3","Partially Occupied",
"OYK3-L3","OYK3","3","1","3","Partially Occupied",
"OYK3-L2","OYK3","2","1","3","Unoccupied",
"OYK3-L1","OYK3","1","1","3","Unoccupied",
"OYK4-L5","OYK4","5","1","3","Unoccupied",
"OYK4-L4","OYK4","4","1","3","Unoccupied",
"OYK4-L3","OYK4","3","1","3","Unoccupied",
"OYK4-L2","OYK4","2","1","3","Unoccupied",
"OYK4-L1","OYK4","1","1","3","Partially Occupied",
"OYK5-L5","OYK5","5","1","3","Partially Occupied",
"OYK5-L4","OYK5","4","1","3","Partially Occupied",
"OYK5-L3","OYK5","3","1","3","Partially Occupied",
"OYK5-L2","OYK5","2","1","3","Partially Occupied",
"OYK5-L1","OYK5","1","1","3","Partially Occupied",
"OYK6-L5","OYK6","5","1","3","Unoccupied",
"OYK6-L4","OYK6","4","1","3","Partially Occupied",
"OYK6-L3","OYK6","3","1","3","Partially Occupied",
"OYK6-L2","OYK6","2","1","3","Partially Occupied",
"OYK6-L1","OYK6","1","1","3","Unoccupied",
"OYK7-L5","OYK7","5","1","3","Unoccupied",
"OYK7-L4","OYK7","4","1","3","Unoccupied",
"OYK7-L3","OYK7","3","1","3","Unoccupied",
"OYK7-L2","OYK7","2","1","3","Partially Occupied",
"OYK7-L1","OYK7","1","1","3","Unoccupied",
"OYK8-L5","OYK8","5","1","3","Unoccupied",
"OYK8-L4","OYK8","4","1","3","Unoccupied",
"OYK8-L3","OYK8","3","1","3","Unoccupied",
"OYK8-L2","OYK8","2","1","3","Partially Occupied",
"OYK8-L1","OYK8","1","1","3","Partially Occupied",
"OYK9-L5","OYK9","5","1","3","Unoccupied",
"OYK9-L4","OYK9","4","1","3","Unoccupied",
"OYK9-L3","OYK9","3","1","3","Partially Occupied",
"OYK9-L2","OYK9","2","1","3","Partially Occupied",
"OYK9-L1","OYK9","1","1","3","Partially Occupied",
"OYL1-L5","OYL1","5","0","4","Available","Unpurchased"
"OYL1-L4","OYL1","4","0","4","Available","Unpurchased"
"OYL1-L3","OYL1","3","0","4","Available","Unpurchased"
"OYL1-L2","OYL1","2","0","4","Available","Unpurchased"
"OYL1-L1","OYL1","1","2","2","Unoccupied",
"OYL10-L5","OYL10","5","1","3","Partially Occupied",
"OYL10-L4","OYL10","4","1","3","Partially Occupied",
"OYL10-L3","OYL10","3","1","3","Partially Occupied",
"OYL10-L2","OYL10","2","1","3","Unoccupied",
"OYL10-L1","OYL10","1","1","3","Partially Occupied",
"OYL11-L5","OYL11","5","1","3","Partially Occupied",
"OYL11-L4","OYL11","4","1","3","Partially Occupied",
"OYL11-L3","OYL11","3","0","4","Available","Unpurchased"
"OYL11-L2","OYL11","2","0","4","Available","Unpurchased"
"OYL11-L1","OYL11","1","0","4","Available","Unpurchased"
"OYL12-L5","OYL12","5","1","3","Unoccupied",
"OYL12-L4","OYL12","4","1","3","Partially Occupied",
"OYL12-L3","OYL12","3","1","3","Partially Occupied",
"OYL12-L2","OYL12","2","1","3","Partially Occupied",
"OYL12-L1","OYL12","1","1","3","Partially Occupied",
"OYL2-L5","OYL2","5","1","3","Partially Occupied",
"OYL2-L4","OYL2","4","1","3","Unoccupied",
"OYL2-L3","OYL2","3","0","4","Available","Unpurchased"
"OYL2-L2","OYL2","2","0","4","Available","Unpurchased"
"OYL2-L1","OYL2","1","0","4","Available","Unpurchased"
"OYL3-L5","OYL3","5","1","3","Partially Occupied",
"OYL3-L4","OYL3","4","1","3","Partially Occupied",
"OYL3-L3","OYL3","3","1","3","Partially Occupied",
"OYL3-L2","OYL3","2","1","3","Unoccupied",
"OYL3-L1","OYL3","1","1","3","Unoccupied",
"OYL4-L5","OYL4","5","1","3","Partially Occupied",
"OYL4-L4","OYL4","4","1","3","Unoccupied",
"OYL4-L3","OYL4","3","1","3","Partially Occupied",
"OYL4-L2","OYL4","2","1","3","Unoccupied",
"OYL4-L1","OYL4","1","1","3","Partially Occupied",
"OYL5-L5","OYL5","5","1","3","Partially Occupied",
"OYL5-L4","OYL5","4","1","3","Partially Occupied",
"OYL5-L3","OYL5","3","1","3","Partially Occupied",
"OYL5-L2","OYL5","2","1","3","Partially Occupied",
"OYL5-L1","OYL5","1","1","3","Partially Occupied",
"OYL6-L5","OYL6","5","1","3","Unoccupied",
"OYL6-L4","OYL6","4","1","3","Unoccupied",
"OYL6-L3","OYL6","3","1","3","Unoccupied",
"OYL6-L2","OYL6","2","1","3","Partially Occupied",
"OYL6-L1","OYL6","1","1","3","Partially Occupied",
"OYL7-L5","OYL7","5","1","3","Unoccupied",
"OYL7-L4","OYL7","4","1","3","Partially Occupied",
"OYL7-L3","OYL7","3","1","3","Partially Occupied",
"OYL7-L2","OYL7","2","1","3","Partially Occupied",
"OYL7-L1","OYL7","1","1","3","Partially Occupied",
"OYL8-L5","OYL8","5","0","4","Available","Unpurchased"
"OYL8-L4","OYL8","4","0","4","Available","Unpurchased"
"OYL8-L3","OYL8","3","0","4","Available","Unpurchased"
"OYL8-L2","OYL8","2","0","4","Available","Unpurchased"
"OYL8-L1","OYL8","1","0","4","Available","Unpurchased"
"OYL9-L5","OYL9","5","0","4","Available","Unpurchased"
"OYL9-L4","OYL9","4","0","4","Available","Unpurchased"
"OYL9-L3","OYL9","3","0","4","Available","Unpurchased"
"OYL9-L2","OYL9","2","0","4","Available","Unpurchased"
"OYL9-L1","OYL9","1","0","4","Available","Unpurchased"
"OYM1-L5","OYM1","5","1","3","Unoccupied",
"OYM1-L4","OYM1","4","1","2","Unoccupied",
"OYM1-L3","OYM1","3","1","3","Unoccupied",
"OYM1-L2","OYM1","2","1","3","Unoccupied",
"OYM1-L1","OYM1","1","1","3","Partially Occupied",
"OYM10-L5","OYM10","5","0","4","Available","Unpurchased"
"OYM10-L4","OYM10","4","0","4","Available","Unpurchased"
"OYM10-L3","OYM10","3","0","4","Available","Unpurchased"
"OYM10-L2","OYM10","2","0","4","Available","Unpurchased"
"OYM10-L1","OYM10","1","0","4","Available","Unpurchased"
"OYM11-L5","OYM11","5","0","4","Available","Unpurchased"
"OYM11-L4","OYM11","4","0","4","Available","Unpurchased"
"OYM11-L3","OYM11","3","0","4","Available","Unpurchased"
"OYM11-L2","OYM11","2","0","4","Available","Unpurchased"
"OYM11-L1","OYM11","1","0","4","Available","Unpurchased"
"OYM12-L5","OYM12","5","0","4","Available","Unpurchased"
"OYM12-L4","OYM12","4","0","4","Available","Unpurchased"
"OYM12-L3","OYM12","3","0","4","Available","Unpurchased"
"OYM12-L2","OYM12","2","0","4","Available","Unpurchased"
"OYM12-L1","OYM12","1","0","4","Available","Unpurchased"
"OYM2-L5","OYM2","5","1","3","Partially Occupied",
"OYM2-L4","OYM2","4","1","3","Partially Occupied",
"OYM2-L3","OYM2","3","1","3","Unoccupied",
"OYM2-L2","OYM2","2","2","2","Partially Occupied",
"OYM2-L1","OYM2","1","1","3","Unoccupied",
"OYM3-L5","OYM3","5","1","3","Partially Occupied",
"OYM3-L4","OYM3","4","1","3","Partially Occupied",
"OYM3-L3","OYM3","3","1","3","Partially Occupied",
"OYM3-L2","OYM3","2","1","3","Unoccupied",
"OYM3-L1","OYM3","1","1","3","Unoccupied",
"OYM4-L5","OYM4","5","1","3","Partially Occupied",
"OYM4-L4","OYM4","4","0","4","Available","Unpurchased"
"OYM4-L3","OYM4","3","0","4","Available","Unpurchased"
"OYM4-L2","OYM4","2","0","4","Available","Unpurchased"
"OYM4-L1","OYM4","1","0","4","Available","Unpurchased"
"OYM5-L4","OYM5","4","0","4","Available","Unpurchased"
"OYM5-L3","OYM5","3","0","4","Available","Unpurchased"
"OYM5-L2","OYM5","2","0","4","Available","Unpurchased"
"OYM5-L1","OYM5","1","0","4","Available","Unpurchased"
"OYM6-L4","OYM6","4","1","3","Unoccupied",
"OYM6-L3","OYM6","3","1","3","Partially Occupied",
"OYM6-L2","OYM6","2","1","3","Partially Occupied",
"OYM6-L1","OYM6","1","1","3","Partially Occupied",
"OYM7-L4","OYM7","4","4","0","Fully Occupied",
"OYM7-L3","OYM7","3","0","4","Available","Unpurchased"
"OYM7-L2","OYM7","2","0","4","Available","Unpurchased"
"OYM7-L1","OYM7","1","0","4","Available","Unpurchased"
"OYM8-L5","OYM8","5","1","3","Partially Occupied",
"OYM8-L4","OYM8","4","1","3","Partially Occupied",
"OYM8-L3","OYM8","3","1","3","Partially Occupied",
"OYM8-L2","OYM8","2","1","3","Partially Occupied",
"OYM8-L1","OYM8","1","1","3","Partially Occupied",
"OYM9-L5","OYM9","5","0","4","Available","Unpurchased"
"OYM9-L4","OYM9","4","0","4","Available","Unpurchased"
"OYM9-L3","OYM9","3","0","4","Available","Unpurchased"
"OYM9-L2","OYM9","2","0","4","Available","Unpurchased"
"OYM9-L1","OYM9","1","0","4","Available","Unpurchased"
"UTA1-L4","UTA1","4","1","3","Unoccupied",
"UTA1-L3","UTA1","3","1","3","Partially Occupied",
"UTA1-L2","UTA1","2","1","3","Unoccupied",
"UTA1-L1","UTA1","1","1","3","Unoccupied",
"UTA10-L5","UTA10","5","0","4","Available","Unpurchased"
"UTA10-L4","UTA10","4","0","4","Available","Unpurchased"
"UTA10-L3","UTA10","3","3","1","Partially Occupied",
"UTA10-L2","UTA10","2","0","4","Available","Unpurchased"
"UTA10-L1","UTA10","1","0","4","Available","Unpurchased"
"UTA11-L4","UTA11","4","1","3","Unoccupied",
"UTA11-L3","UTA11","3","1","3","Unoccupied",
"UTA11-L2","UTA11","2","1","3","Partially Occupied",
"UTA11-L1","UTA11","1","1","3","Partially Occupied",
"UTA12-L4","UTA12","4","1","3","Partially Occupied",
"UTA12-L3","UTA12","3","1","3","Partially Occupied",
"UTA12-L2","UTA12","2","1","3","Partially Occupied",
"UTA12-L1","UTA12","1","1","3","Partially Occupied",
"UTA13-L5","UTA13","5","1","3","Partially Occupied",
"UTA13-L4","UTA13","4","1","3","Partially Occupied",
"UTA13-L3","UTA13","3","1","3","Partially Occupied",
"UTA13-L2","UTA13","2","1","3","Partially Occupied",
"UTA13-L1","UTA13","1","1","3","Partially Occupied",
"UTA14-L5","UTA14","5","1","3","Unoccupied",
"UTA14-L4","UTA14","4","1","3","Unoccupied",
"UTA14-L3","UTA14","3","1","3","Partially Occupied",
"UTA14-L2","UTA14","2","1","3","Partially Occupied",
"UTA14-L1","UTA14","1","1","3","Partially Occupied",
"UTA15-L5","UTA15","5","1","3","Unoccupied",
"UTA15-L4","UTA15","4","1","3","Partially Occupied",
"UTA15-L3","UTA15","3","1","3","Partially Occupied",
"UTA15-L2","UTA15","2","1","3","Partially Occupied",
"UTA15-L1","UTA15","1","1","3","Unoccupied",
"UTA16-L5","UTA16","5","0","4","Available","Unpurchased"
"UTA16-L4","UTA16","4","0","4","Available","Unpurchased"
"UTA16-L3","UTA16","3","0","4","Available","Unpurchased"
"UTA16-L2","UTA16","2","1","3","Partially Occupied",
"UTA16-L1","UTA16","1","1","3","Partially Occupied",
"UTA17-L5","UTA17","5","1","3","Partially Occupied",
"UTA17-L4","UTA17","4","1","3","Partially Occupied",
"UTA17-L3","UTA17","3","1","3","Partially Occupied",
"UTA17-L2","UTA17","2","1","3","Partially Occupied",
"UTA17-L1","UTA17","1","1","3","Partially Occupied",
"UTA18-L5","UTA18","5","1","3","Unoccupied",
"UTA18-L4","UTA18","4","1","3","Unoccupied",
"UTA18-L3","UTA18","3","1","3","Unoccupied",
"UTA18-L2","UTA18","2","1","3","Partially Occupied",
"UTA18-L1","UTA18","1","1","3","Partially Occupied",
"UTA19-L5","UTA19","5","1","3","Partially Occupied",
"UTA19-L4","UTA19","4","1","3","Partially Occupied",
"UTA19-L3","UTA19","3","1","3","Unoccupied",
"UTA19-L2","UTA19","2","1","3","Partially Occupied",
"UTA19-L1","UTA19","1","1","3","Partially Occupied",
"UTA2-L5","UTA2","5","1","3","Unoccupied",
"UTA2-L4","UTA2","4","1","3","Unoccupied",
"UTA2-L3","UTA2","3","1","3","Partially Occupied",
"UTA2-L2","UTA2","2","1","3","Partially Occupied",
"UTA2-L1","UTA2","1","1","3","Partially Occupied",
"UTA20-L5","UTA20","5","1","3","Unoccupied",
"UTA20-L4","UTA20","4","1","3","Partially Occupied",
"UTA20-L3","UTA20","3","1","3","Partially Occupied",
"UTA20-L2","UTA20","2","1","3","Partially Occupied",
"UTA20-L1","UTA20","1","1","3","Unoccupied",
"UTA21-L5","UTA21","5","1","3","Unoccupied",
"UTA21-L4","UTA21","4","1","3","Partially Occupied",
"UTA21-L3","UTA21","3","1","3","Partially Occupied",
"UTA21-L2","UTA21","2","1","3","Partially Occupied",
"UTA21-L1","UTA21","1","1","3","Partially Occupied",
"UTA22-L5","UTA22","5","1","3","Partially Occupied",
"UTA22-L4","UTA22","4","1","3","Partially Occupied",
"UTA22-L3","UTA22","3","1","3","Unoccupied",
"UTA22-L2","UTA22","2","1","3","Partially Occupied",
"UTA22-L1","UTA22","1","1","3","Partially Occupied",
"UTA23-L4","UTA23","4","1","3","Partially Occupied",
"UTA23-L3","UTA23","3","1","3","Partially Occupied",
"UTA23-L2","UTA23","2","1","3","Partially Occupied",
"UTA23-L1","UTA23","1","2","2","Partially Occupied",
"UTA24-L5","UTA24","5","1","3","Partially Occupied",
"UTA24-L4","UTA24","4","1","3","Partially Occupied",
"UTA24-L3","UTA24","3","1","3","Partially Occupied",
"UTA24-L2","UTA24","2","1","3","Partially Occupied",
"UTA24-L1","UTA24","1","1","3","Partially Occupied",
"UTA25-L5","UTA25","5","3","1","Unoccupied",
"UTA25-L4","UTA25","4","2","2","Partially Occupied",
"UTA25-L3","UTA25","3","3","1","Partially Occupied",
"UTA25-L2","UTA25","2","4","0","Unoccupied",
"UTA25-L1","UTA25","1","1","3","Partially Occupied",
"UTA26-L5","UTA26","5","1","3","Unoccupied",
"UTA26-L4","UTA26","4","1","3","Partially Occupied",
"UTA26-L3","UTA26","3","1","3","Partially Occupied",
"UTA26-L2","UTA26","2","1","3","Partially Occupied",
"UTA26-L1","UTA26","1","1","3","Partially Occupied",
"UTA3-L5","UTA3","5","1","3","Unoccupied",
"UTA3-L4","UTA3","4","1","3","Unoccupied",
"UTA3-L3","UTA3","3","1","3","Unoccupied",
"UTA3-L2","UTA3","2","1","3","Partially Occupied",
"UTA3-L1","UTA3","1","1","3","Partially Occupied",
"UTA4-L5","UTA4","5","1","3","Partially Occupied",
"UTA4-L4","UTA4","4","1","3","Unoccupied",
"UTA4-L3","UTA4","3","1","3","Unoccupied",
"UTA4-L2","UTA4","2","1","3","Partially Occupied",
"UTA4-L1","UTA4","1","1","3","Partially Occupied",
"UTA5-L4","UTA5","4","2","2","Partially Occupied",
"UTA5-L3","UTA5","3","1","3","Partially Occupied","Buried at sea"
"UTA5-L2","UTA5","2","2","2","Partially Occupied",
"UTA5-L1","UTA5","1","2","2","Partially Occupied",
"UTA6-L5","UTA6","5","1","3","Unoccupied",
"UTA6-L4","UTA6","4","1","3","Unoccupied",
"UTA6-L3","UTA6","3","1","3","Unoccupied",
"UTA6-L2","UTA6","2","1","3","Partially Occupied",
"UTA6-L1","UTA6","1","1","3","Partially Occupied",
"UTA7-L5","UTA7","5","1","3","Unoccupied",
"UTA7-L4","UTA7","4","1","3","Unoccupied",
"UTA7-L3","UTA7","3","1","3","Unoccupied",
"UTA7-L2","UTA7","2","1","3","Partially Occupied",
"UTA7-L1","UTA7","1","1","3","Partially Occupied",
"UTA8-L5","UTA8","5","1","3","Unoccupied",
"UTA8-L4","UTA8","4","1","3","Unoccupied",
"UTA8-L3","UTA8","3","1","3","Unoccupied",
"UTA8-L2","UTA8","2","1","3","Partially Occupied",
"UTA8-L1","UTA8","1","1","3","Partially Occupied",
"UTA9-L5","UTA9","5","1","3","Unoccupied",
"UTA9-L4","UTA9","4","1","3","Unoccupied",
"UTA9-L3","UTA9","3","1","3","Partially Occupied",
"UTA9-L2","UTA9","2","1","3","Partially Occupied",
"UTA9-L1","UTA9","1","1","3","Partially Occupied",
"UTB1-L5","UTB1","5","1","3","Partially Occupied",
"UTB1-L4","UTB1","4","1","3","Partially Occupied",
"UTB1-L3","UTB1","3","1","3","Partially Occupied",
"UTB1-L2","UTB1","2","1","3","Partially Occupied",
"UTB1-L1","UTB1","1","1","3","Partially Occupied",
"UTB10-L5","UTB10","5","1","3","Partially Occupied","Chester W. Morgan buried in UTB11-1"
"UTB10-L4","UTB10","4","1","3","Partially Occupied",
"UTB10-L3","UTB10","3","1","3","Unoccupied",
"UTB10-L2","UTB10","2","1","3","Unoccupied",
"UTB10-L1","UTB10","1","1","3","Unoccupied",
"UTB11-L5","UTB11","5","1","3","Unoccupied",
"UTB11-L4","UTB11","4","1","3","Unoccupied",
"UTB11-L3","UTB11","3","1","3","Unoccupied",
"UTB11-L2","UTB11","2","1","3","Partially Occupied",
"UTB11-L1","UTB11","1","1","3","Partially Occupied","Deborah Morgan buried in UTB10-5"
"UTB12-L5","UTB12","5","1","3","Unoccupied",
"UTB12-L4","UTB12","4","1","3","Unoccupied",
"UTB12-L3","UTB12","3","1","3","Partially Occupied",
"UTB12-L2","UTB12","2","1","3","Unoccupied",
"UTB12-L1","UTB12","1","1","3","Unoccupied",
"UTB13-L4","UTB13","4","2","2","Partially Occupied",
"UTB13-L3","UTB13","3","1","3","Unoccupied",
"UTB13-L2","UTB13","2","1","3","Partially Occupied",
"UTB13-L1","UTB13","1","1","3","Unoccupied",
"UTB14-L5","UTB14","5","0","4","Available","Unpurchased"
"UTB14-L4","UTB14","4","0","4","Available","Unpurchased"
"UTB14-L3","UTB14","3","0","4","Available","Unpurchased"
"UTB14-L2","UTB14","2","0","4","Available","Unpurchased"
"UTB14-L1","UTB14","1","0","4","Available","Unpurchased"
"UTB15-L5","UTB15","5","1","3","Partially Occupied",
"UTB15-L4","UTB15","4","1","3","Partially Occupied",
"UTB15-L3","UTB15","3","1","3","Partially Occupied",
"UTB15-L2","UTB15","2","1","3","Unoccupied",
"UTB15-L1","UTB15","1","1","3","Unoccupied",
"UTB16-L5","UTB16","5","1","3","Unoccupied",
"UTB16-L4","UTB16","4","1","3","Unoccupied",
"UTB16-L3","UTB16","3","1","3","Unoccupied",
"UTB16-L2","UTB16","2","1","3","Unoccupied",
"UTB16-L1","UTB16","1","1","3","Unoccupied",
"UTB17-L5","UTB17","5","1","3","Unoccupied",
"UTB17-L4","UTB17","4","1","3","Partially Occupied",
"UTB17-L3","UTB17","3","1","3","Partially Occupied",
"UTB17-L2","UTB17","2","1","3","Partially Occupied",
"UTB17-L1","UTB17","1","1","3","Unoccupied",
"UTB18-L5","UTB18","5","1","3","Unoccupied",
"UTB18-L4","UTB18","4","1","3","Partially Occupied",
"UTB18-L3","UTB18","3","1","3","Partially Occupied",
"UTB18-L2","UTB18","2","1","3","Partially Occupied",
"UTB18-L1","UTB18","1","1","3","Partially Occupied",
"UTB19-L5","UTB19","5","1","3","Unoccupied",
"UTB19-L4","UTB19","4","1","3","Unoccupied",
"UTB19-L3","UTB19","3","1","3","Unoccupied",
"UTB19-L2","UTB19","2","1","3","Unoccupied",
"UTB19-L1","UTB19","1","2","2","Partially Occupied",
"UTB2-L5","UTB2","5","1","3","Unoccupied",
"UTB2-L4","UTB2","4","1","3","Unoccupied",
"UTB2-L3","UTB2","3","1","3","Unoccupied",
"UTB2-L2","UTB2","2","1","3","Unoccupied",
"UTB2-L1","UTB2","1","1","3","Unoccupied",
"UTB20-L5","UTB20","5","1","3","Unoccupied",
"UTB20-L4","UTB20","4","1","3","Unoccupied",
"UTB20-L3","UTB20","3","1","3","Unoccupied",
"UTB20-L2","UTB20","2","1","3","Partially Occupied",
"UTB20-L1","UTB20","1","1","3","Partially Occupied",
"UTB21-L4","UTB21","4","1","3","Partially Occupied",
"UTB21-L3","UTB21","3","1","3","Partially Occupied",
"UTB21-L2","UTB21","2","1","3","Unoccupied",
"UTB21-L1","UTB21","1","1","3","Partially Occupied",
"UTB22-L5","UTB22","5","1","3","Unoccupied",
"UTB22-L4","UTB22","4","1","3","Unoccupied",
"UTB22-L3","UTB22","3","1","3","Partially Occupied",
"UTB22-L2","UTB22","2","1","3","Unoccupied",
"UTB22-L1","UTB22","1","1","3","Partially Occupied",
"UTB23-L4","UTB23","4","1","3","Partially Occupied",
"UTB23-L3","UTB23","3","3","1","Partially Occupied",
"UTB23-L2","UTB23","2","1","3","Partially Occupied",
"UTB23-L1","UTB23","1","1","3","Partially Occupied",
"UTB24-L6","UTB24","6","1","3","Partially Occupied",
"UTB24-L5","UTB24","5","1","3","Partially Occupied",
"UTB24-L4","UTB24","4","1","3","Partially Occupied",
"UTB24-L3","UTB24","3","1","3","Partially Occupied",
"UTB24-L2","UTB24","2","1","3","Partially Occupied",
"UTB24-L1","UTB24","1","1","3","Partially Occupied",
"UTB25-L3","UTB25","3","1","3","Unoccupied",
"UTB25-L2","UTB25","2","1","3","Unoccupied",
"UTB25-L1","UTB25","1","0","0","Not Available","Buffer space. Not a full width lot."
"UTB26-L4","UTB26","4","1","3","Partially Occupied",
"UTB26-L3","UTB26","3","1","3","Partially Occupied",
"UTB26-L2","UTB26","2","1","3","Partially Occupied",
"UTB26-L1","UTB26","1","1","3","Partially Occupied",
"UTB3-L4","UTB3","4","4","0","Fully Occupied",
"UTB3-L3","UTB3","3","3","1","Partially Occupied",
"UTB3-L2","UTB3","2","1","3","Partially Occupied",
"UTB3-L1","UTB3","1","1","2","Partially Occupied",
"UTB4-L5","UTB4","5","2","2","Partially Occupied",
"UTB4-L4","UTB4","4","1","3","Unoccupied",
"UTB4-L3","UTB4","3","2","2","Unoccupied",
"UTB4-L2","UTB4","2","1","3","Unoccupied",
"UTB4-L1","UTB4","1","1","3","Unoccupied",
"UTB5-L5","UTB5","5","1","3","Unoccupied",
"UTB5-L4","UTB5","4","1","3","Unoccupied",
"UTB5-L3","UTB5","3","1","3","Unoccupied",
"UTB5-L2","UTB5","2","1","3","Unoccupied",
"UTB5-L1","UTB5","1","1","3","Unoccupied",
"UTB6-L4","UTB6","4","1","3","Partially Occupied",
"UTB6-L3","UTB6","3","1","3","Partially Occupied",
"UTB6-L2","UTB6","2","1","3","Partially Occupied",
"UTB6-L1","UTB6","1","1","3","Partially Occupied",
"UTB7-L4","UTB7","4","1","3","Partially Occupied",
"UTB7-L3","UTB7","3","1","3","Partially Occupied",
"UTB7-L2","UTB7","2","1","3","Partially Occupied",
"UTB7-L1","UTB7","1","1","3","Partially Occupied",
"UTB8-L4","UTB8","4","1","3","Unoccupied",
"UTB8-L3","UTB8","3","1","3","Unoccupied",
"UTB8-L2","UTB8","2","1","3","Unoccupied",
"UTB8-L1","UTB8","1","1","3","Unoccupied",
"UTB9-L5","UTB9","5","1","3","Unoccupied",
"UTB9-L4","UTB9","4","1","3","Unoccupied",
"UTB9-L3","UTB9","3","1","3","Unoccupied",
"UTB9-L2","UTB9","2","1","3","Unoccupied",
"UTB9-L1","UTB9","1","1","3","Unoccupied",
"UTC1-L5","UTC1","5","1","3","Unoccupied",
"UTC1-L4","UTC1","4","1","3","Unoccupied",
"UTC1-L3","UTC1","3","1","3","Unoccupied",
"UTC1-L2","UTC1","2","1","3","Unoccupied",
"UTC1-L1","UTC1","1","1","3","Partially Occupied",
"UTC10-L4","UTC10","4","1","3","Unoccupied",
"UTC10-L3","UTC10","3","1","3","Unoccupied",
"UTC10-L2","UTC10","2","1","3","Unoccupied",
"UTC10-L1","UTC10","1","1","3","Unoccupied",
"UTC2-L5","UTC2","5","1","3","Unoccupied",
"UTC2-L4","UTC2","4","1","3","Unoccupied",
"UTC2-L3","UTC2","3","1","3","Partially Occupied",
"UTC2-L2","UTC2","2","1","3","Partially Occupied",
"UTC2-L1","UTC2","1","1","3","Partially Occupied",
"UTC3-L5","UTC3","5","1","3","Unoccupied",
"UTC3-L4","UTC3","4","1","3","Unoccupied",
"UTC3-L3","UTC3","3","1","3","Unoccupied",
"UTC3-L2","UTC3","2","1","3","Partially Occupied",
"UTC3-L1","UTC3","1","1","3","Partially Occupied",
"UTC4-L5","UTC4","5","1","3","Unoccupied",
"UTC4-L4","UTC4","4","1","3","Unoccupied",
"UTC4-L3","UTC4","3","1","3","Partially Occupied",
"UTC4-L2","UTC4","2","1","3","Partially Occupied",
"UTC4-L1","UTC4","1","1","3","Partially Occupied",
"UTC5-L4","UTC5","4","1","3","Unoccupied",
"UTC5-L3","UTC5","3","1","3","Unoccupied",
"UTC5-L2","UTC5","2","1","3","Partially Occupied",
"UTC5-L1","UTC5","1","1","3","Unoccupied",
"UTC6-L5","UTC6","5","1","3","Unoccupied",
"UTC6-L4","UTC6","4","1","3","Unoccupied",
"UTC6-L3","UTC6","3","1","3","Unoccupied",
"UTC6-L2","UTC6","2","1","3","Unoccupied",
"UTC6-L1","UTC6","1","1","3","Unoccupied",
"UTC7-L5","UTC7","5","1","3","Partially Occupied",
"UTC7-L4","UTC7","4","1","3","Unoccupied",
"UTC7-L3","UTC7","3","1","3","Unoccupied",
"UTC7-L2","UTC7","2","1","3","Unoccupied",
"UTC7-L1","UTC7","1","1","3","Unoccupied",
"UTC8-L5","UTC8","5","1","3","Partially Occupied",
"UTC8-L4","UTC8","4","1","3","Unoccupied",
"UTC8-L3","UTC8","3","1","3","Partially Occupied",
"UTC8-L2","UTC8","2","1","3","Partially Occupied",
"UTC8-L1","UTC8","1","1","3","Partially Occupied",
"UTC9-L5","UTC9","5","1","3","Unoccupied",
"UTC9-L4","UTC9","4","1","3","Unoccupied",
"UTC9-L3","UTC9","3","1","3","Unoccupied",
"UTC9-L2","UTC9","2","1","3","Unoccupied",
"UTC9-L1","UTC9","1","1","3","Unoccupied",
